"年度","季度","地区","国家","服务分类","各国销售额","各国利润"
"2017","第二季度","Eastern","Burundi","Public",542.68,0
"2017","第二季度","Eastern","Djibouti","Residential",724.69,-7.25
"2017","第二季度","Eastern","Eritrea","Residential",857.28,-34.29
"2017","第二季度","Eastern","Ethiopia","Commercial",600.36,6
"2017","第二季度","Eastern","Kenya","Residential",975.92,-69.56
"2017","第二季度","Eastern","Malawi","Commercial",130.06,10.4
"2017","第二季度","Eastern","Malawi","Residential",855.49,43.69
"2017","第二季度","Eastern","Mozambique","Residential",986.39,-19.73
"2017","第二季度","Eastern","Rwanda","Public",736.43,14.73
"2017","第二季度","Eastern","Seychelles","Residential",40.12,-1.6
"2017","第二季度","Eastern","Somalia","Commercial",673.55,-13.47
"2017","第二季度","Eastern","Zambia","Public",751.73,-15.03
"2017","第二季度","Eastern","Zimbabwe","Residential",451.47,-31.6
"2017","第二季度","Middle","Angola","Residential",688.25,68.83
"2017","第二季度","Middle","Cameroon","Commercial",52.91,2.12
"2017","第二季度","Middle","Cameroon","Public",1544.27,-79.09
"2017","第二季度","Middle","Chad","Commercial",35.55,3.2
"2017","第二季度","Middle","Congo","Residential",1675.54,10.59
"2017","第二季度","Middle","Democratic Republic of the Congo","Commercial",335.87,30.23
"2017","第二季度","Middle","Democratic Republic of the Congo","Public",447.06,-26.82
"2017","第二季度","Middle","Gabon","Residential",914.72,0
"2017","第二季度","Northern","Egypt","Commercial",510.23,20.41
"2017","第二季度","Northern","Libya","Public",587.33,-5.87
"2017","第二季度","Northern","Morocco","Commercial",703.93,-35.2
"2017","第二季度","Northern","Sudan","Residential",1502.66,60.11
"2017","第二季度","Northern","Tunisia","Commercial",1647.88,-2.58
"2017","第二季度","Northern","Western Sahara","Public",761.86,45.71
"2017","第二季度","Southern","Botswana","Commercial",953.86,95.39
"2017","第二季度","Southern","Lesotho","Public",484.25,33.9
"2017","第二季度","Southern","South Africa","Commercial",794.91,39.62
"2017","第二季度","Southern","South Africa","Public",1165.06,67.21
"2017","第二季度","Southern","South Africa","Residential",981.17,-29.44
"2017","第二季度","Southern","Swaziland","Public",760.7,30.43
"2017","第二季度","Western","Benin","Commercial",1425.34,78
"2017","第二季度","Western","Benin","Public",986.77,-29.6
"2017","第二季度","Western","Guinea","Public",10.69,-0.75
"2017","第二季度","Western","Guinea-Bissau","Residential",1342.32,77.18
"2017","第二季度","Western","Liberia","Residential",480.03,4.8
"2017","第二季度","Western","Mali","Public",242.34,-16.96
"2017","第二季度","Western","Mauritania","Public",838.86,58.72
"2017","第二季度","Western","Niger","Commercial",59.99,-4.8
"2017","第二季度","Western","Nigeria","Commercial",1278.44,27.39
"2017","第二季度","Western","Sierra Leone","Commercial",695.88,-13.92
"2017","第二季度","Western","Togo","Commercial",572.06,17.16
"2017","第三季度","Eastern","Djibouti","Residential",1395.16,21.15
"2017","第三季度","Eastern","Ethiopia","Public",18.17,0.73
"2017","第三季度","Eastern","Madagascar","Residential",787.38,-15.75
"2017","第三季度","Eastern","Malawi","Commercial",826.12,33.04
"2017","第三季度","Eastern","Malawi","Public",799.11,-47.95
"2017","第三季度","Eastern","Mauritius","Commercial",512.94,25.65
"2017","第三季度","Eastern","Rwanda","Public",264.47,-5.29
"2017","第三季度","Eastern","Seychelles","Public",1493.29,-23.07
"2017","第三季度","Eastern","Somalia","Commercial",668.57,60.17
"2017","第三季度","Eastern","Somalia","Residential",320.9,-19.25
"2017","第三季度","Eastern","South Sudan","Public",443.6,-26.62
"2017","第三季度","Eastern","Uganda","Public",168.2,3.36
"2017","第三季度","Eastern","United Republic of Tanzania","Public",196.25,-15.7
"2017","第三季度","Eastern","Zambia","Public",353.92,-24.77
"2017","第三季度","Eastern","Zambia","Residential",627.11,37.63
"2017","第三季度","Middle","Angola","Public",670.01,47.53
"2017","第三季度","Middle","Cameroon","Public",609.53,42.67
"2017","第三季度","Middle","Central African Republic","Commercial",973.93,19.48
"2017","第三季度","Middle","Central African Republic","Public",76.46,3.82
"2017","第三季度","Middle","Chad","Commercial",85.19,-2.56
"2017","第三季度","Middle","Democratic Republic of the Congo","Commercial",1826.08,52.69
"2017","第三季度","Middle","Democratic Republic of the Congo","Public",470.77,15.24
"2017","第三季度","Middle","Equatorial Guinea","Commercial",1156.96,33.66
"2017","第三季度","Middle","Gabon","Commercial",950.34,-66.52
"2017","第三季度","Middle","Sao Tome and Principe","Commercial",696.9,-2.74
"2017","第三季度","Northern","Algeria","Commercial",723.41,36.17
"2017","第三季度","Northern","Egypt","Commercial",928.29,46.41
"2017","第三季度","Northern","Morocco","Public",241.48,-4.83
"2017","第三季度","Northern","Sudan","Public",593.17,-41.52
"2017","第三季度","Northern","Sudan","Residential",126.44,5.06
"2017","第三季度","Northern","Tunisia","Public",701.35,56.11
"2017","第三季度","Northern","Western Sahara","Public",737.15,51.6
"2017","第三季度","Southern","Botswana","Commercial",874.66,78.72
"2017","第三季度","Southern","Lesotho","Commercial",517.81,41.42
"2017","第三季度","Southern","Lesotho","Public",607.46,24.3
"2017","第三季度","Southern","Namibia","Public",659.86,-6.6
"2017","第三季度","Southern","Namibia","Residential",953.13,-38.13
"2017","第三季度","Southern","South Africa","Commercial",544.34,54.43
"2017","第三季度","Southern","South Africa","Public",1504.89,106.32
"2017","第三季度","Southern","South Africa","Residential",539.01,-43.12
"2017","第三季度","Southern","Swaziland","Public",699.75,-20.99
"2017","第三季度","Southern","Swaziland","Residential",480.82,9.62
"2017","第三季度","Western","Benin","Public",739.48,-7.39
"2017","第三季度","Western","Burkina Faso","Commercial",745.22,-29.81
"2017","第三季度","Western","Cote d'Ivoire","Commercial",229.43,-18.35
"2017","第三季度","Western","Cote d'Ivoire","Residential",2439.63,-125.15
"2017","第三季度","Western","Ghana","Public",142.12,0
"2017","第三季度","Western","Ghana","Residential",977.69,-9.78
"2017","第三季度","Western","Liberia","Public",78.12,-5.47
"2017","第三季度","Western","Mali","Public",97.9,-5.87
"2017","第三季度","Western","Mali","Residential",401.71,-32.14
"2017","第三季度","Western","Mauritania","Commercial",573.76,-34.43
"2017","第三季度","Western","Niger","Public",993.01,-30.17
"2017","第三季度","Western","Nigeria","Commercial",365.58,-29.25
"2017","第三季度","Western","Nigeria","Public",2325.68,-111.14
"2017","第三季度","Western","Nigeria","Residential",458.22,-32.08
"2017","第三季度","Western","Senegal","Commercial",218.25,-10.91
"2017","第三季度","Western","Senegal","Residential",276.04,24.84
"2017","第三季度","Western","Sierra Leone","Public",238.65,2.39
"2017","第三季度","Western","Sierra Leone","Residential",911.76,0
"2017","第四季度","Eastern","Burundi","Public",81.63,0.82
"2017","第四季度","Eastern","Eritrea","Residential",155.37,-1.55
"2017","第四季度","Eastern","Ethiopia","Public",386.59,-23.2
"2017","第四季度","Eastern","Kenya","Public",341.57,-10.25
"2017","第四季度","Eastern","Madagascar","Residential",947.92,37.92
"2017","第四季度","Eastern","Malawi","Public",159.38,-12.75
"2017","第四季度","Eastern","Mauritius","Public",223.29,11.16
"2017","第四季度","Eastern","Mozambique","Public",183.56,-7.34
"2017","第四季度","Eastern","South Sudan","Residential",372.63,-22.36
"2017","第四季度","Eastern","Uganda","Commercial",284.57,2.85
"2017","第四季度","Eastern","United Republic of Tanzania","Public",434.34,34.75
"2017","第四季度","Eastern","Zimbabwe","Commercial",231.41,-4.63
"2017","第四季度","Middle","Cameroon","Residential",466.81,-23.34
"2017","第四季度","Middle","Chad","Commercial",704.01,28.16
"2017","第四季度","Middle","Congo","Commercial",483.35,-33.83
"2017","第四季度","Middle","Democratic Republic of the Congo","Commercial",788.25,39.41
"2017","第四季度","Middle","Democratic Republic of the Congo","Residential",470.83,-14.12
"2017","第四季度","Northern","Algeria","Commercial",852.33,-34.09
"2017","第四季度","Northern","Libya","Residential",823.82,16.48
"2017","第四季度","Northern","Morocco","Residential",855.42,51.33
"2017","第四季度","Northern","Sudan","Commercial",541.59,43.33
"2017","第四季度","Northern","Western Sahara","Commercial",601.87,60.19
"2017","第四季度","Southern","Botswana","Residential",114.52,-3.44
"2017","第四季度","Southern","South Africa","Residential",1777.08,-52.05
"2017","第四季度","Western","Benin","Commercial",674.26,-31.28
"2017","第四季度","Western","Burkina Faso","Public",488.98,-29.34
"2017","第四季度","Western","Ghana","Public",831.92,49.92
"2017","第四季度","Western","Ghana","Residential",900.53,-72.04
"2017","第四季度","Western","Guinea","Commercial",291.86,-17.51
"2017","第四季度","Western","Guinea-Bissau","Public",812.02,40.6
"2017","第四季度","Western","Nigeria","Public",572.13,17.16
"2017","第四季度","Western","Nigeria","Residential",473.33,28.4
"2017","第四季度","Western","Togo","Commercial",885.66,-70.85
"2017","第一季度","Eastern","Burundi","Commercial",928.07,74.25
"2017","第一季度","Eastern","Burundi","Public",428.05,-4.28
"2017","第一季度","Eastern","Djibouti","Commercial",885.22,-26.56
"2017","第一季度","Eastern","Eritrea","Commercial",791.98,7.92
"2017","第一季度","Eastern","Eritrea","Public",196.57,13.76
"2017","第一季度","Eastern","Ethiopia","Residential",509.93,10.2
"2017","第一季度","Eastern","Kenya","Residential",992.58,49.63
"2017","第一季度","Eastern","Madagascar","Commercial",157.77,-4.73
"2017","第一季度","Eastern","Madagascar","Public",875.94,-70.08
"2017","第一季度","Eastern","Malawi","Residential",1492.78,27.96
"2017","第一季度","Eastern","Mauritius","Public",1385.19,-62.76
"2017","第一季度","Eastern","Mozambique","Public",357.17,32.15
"2017","第一季度","Eastern","Mozambique","Residential",122.4,9.79
"2017","第一季度","Eastern","Rwanda","Commercial",322.84,-9.69
"2017","第一季度","Eastern","Rwanda","Public",258.35,18.08
"2017","第一季度","Eastern","Seychelles","Residential",90.78,-4.54
"2017","第一季度","Eastern","Somalia","Public",977.28,-9.77
"2017","第一季度","Eastern","South Sudan","Public",525.88,-33.21
"2017","第一季度","Eastern","Uganda","Public",649.29,-51.94
"2017","第一季度","Eastern","Uganda","Residential",983.55,19.67
"2017","第一季度","Eastern","United Republic of Tanzania","Commercial",401.85,4.02
"2017","第一季度","Eastern","United Republic of Tanzania","Residential",232.27,-2.32
"2017","第一季度","Eastern","Zambia","Commercial",222.26,20
"2017","第一季度","Eastern","Zimbabwe","Residential",1267.34,-38.94
"2017","第一季度","Middle","Angola","Residential",93.2,7.46
"2017","第一季度","Middle","Cameroon","Public",1733.02,99.48
"2017","第一季度","Middle","Central African Republic","Commercial",451.45,36.12
"2017","第一季度","Middle","Central African Republic","Residential",363.3,7.27
"2017","第一季度","Middle","Chad","Commercial",443.13,4.43
"2017","第一季度","Middle","Congo","Commercial",306.1,0
"2017","第一季度","Middle","Democratic Republic of the Congo","Commercial",366.62,25.66
"2017","第一季度","Middle","Democratic Republic of the Congo","Public",904.39,-2.04
"2017","第一季度","Middle","Democratic Republic of the Congo","Residential",246.28,12.31
"2017","第一季度","Middle","Equatorial Guinea","Commercial",876.78,-43.84
"2017","第一季度","Middle","Equatorial Guinea","Residential",996.56,9.97
"2017","第一季度","Middle","Gabon","Commercial",984.2,29.53
"2017","第一季度","Middle","Gabon","Public",952.76,38.11
"2017","第一季度","Middle","Sao Tome and Principe","Commercial",226.92,13.62
"2017","第一季度","Middle","Sao Tome and Principe","Public",921.82,55.31
"2017","第一季度","Northern","Algeria","Residential",1292.01,-21.8
"2017","第一季度","Northern","Egypt","Residential",1205.74,74.22
"2017","第一季度","Northern","Libya","Commercial",258.25,-15.5
"2017","第一季度","Northern","Libya","Residential",643.73,45.06
"2017","第一季度","Northern","Morocco","Public",832.54,58.28
"2017","第一季度","Northern","Sudan","Public",219.87,10.35
"2017","第一季度","Northern","Sudan","Residential",218.64,17.49
"2017","第一季度","Northern","Tunisia","Commercial",60.05,-0.6
"2017","第一季度","Northern","Western Sahara","Residential",235.84,-2.36
"2017","第一季度","Southern","Botswana","Commercial",660.12,0
"2017","第一季度","Southern","Lesotho","Commercial",153.27,4.6
"2017","第一季度","Southern","Namibia","Residential",668.32,36.9
"2017","第一季度","Southern","South Africa","Commercial",290.43,-20.33
"2017","第一季度","Southern","South Africa","Residential",1546.35,-14.88
"2017","第一季度","Southern","Swaziland","Residential",864.78,-69.18
"2017","第一季度","Western","Benin","Residential",1282.29,88.48
"2017","第一季度","Western","Burkina Faso","Public",462.98,37.04
"2017","第一季度","Western","Burkina Faso","Residential",638.38,-6.38
"2017","第一季度","Western","Cote d'Ivoire","Commercial",1093.26,-10.88
"2017","第一季度","Western","Cote d'Ivoire","Public",860.86,10.55
"2017","第一季度","Western","Ghana","Commercial",602.79,-7.31
"2017","第一季度","Western","Ghana","Residential",150.4,14.37
"2017","第一季度","Western","Guinea","Public",1014.67,46.25
"2017","第一季度","Western","Guinea-Bissau","Commercial",28.16,0.28
"2017","第一季度","Western","Liberia","Commercial",301.63,-9.05
"2017","第一季度","Western","Liberia","Residential",936.97,-65.59
"2017","第一季度","Western","Mali","Residential",847.01,42.35
"2017","第一季度","Western","Mauritania","Public",211.03,12.66
"2017","第一季度","Western","Niger","Residential",3.3,-0.03
"2017","第一季度","Western","Nigeria","Commercial",723.84,7.24
"2017","第一季度","Western","Nigeria","Public",580.55,-40.64
"2017","第一季度","Western","Nigeria","Residential",2549.57,33.08
"2017","第一季度","Western","Senegal","Commercial",252.01,22.68
"2017","第一季度","Western","Senegal","Residential",193.94,-11.64
"2017","第一季度","Western","Sierra Leone","Residential",301.55,-6.03
"2017","第一季度","Western","Togo","Public",155.31,4.66
"2017","第一季度","Western","Togo","Residential",326.97,22.89
"2018","第二季度","Eastern","Burundi","Residential",472.26,9.45
"2018","第二季度","Eastern","Djibouti","Residential",688.39,-20.65
"2018","第二季度","Eastern","Ethiopia","Commercial",867.75,65.55
"2018","第二季度","Eastern","Madagascar","Residential",924.49,38.81
"2018","第二季度","Eastern","Malawi","Residential",1462.66,-14.87
"2018","第二季度","Eastern","Mauritius","Residential",442.97,44.3
"2018","第二季度","Eastern","Mozambique","Public",582.09,34.93
"2018","第二季度","Eastern","Rwanda","Public",646.27,45.24
"2018","第二季度","Eastern","Somalia","Residential",29.2,2.63
"2018","第二季度","Eastern","South Sudan","Residential",1112.46,72.42
"2018","第二季度","Eastern","Uganda","Commercial",239.4,-9.58
"2018","第二季度","Eastern","Zambia","Residential",1124.39,-44.74
"2018","第二季度","Eastern","Zimbabwe","Commercial",976.54,58.59
"2018","第二季度","Middle","Angola","Commercial",691.8,-20.75
"2018","第二季度","Middle","Angola","Public",51.41,0.51
"2018","第二季度","Middle","Central African Republic","Residential",995.01,-59.7
"2018","第二季度","Middle","Chad","Residential",432.43,30.27
"2018","第二季度","Middle","Congo","Residential",983.19,78.66
"2018","第二季度","Middle","Democratic Republic of the Congo","Commercial",736.06,44.16
"2018","第二季度","Middle","Democratic Republic of the Congo","Residential",1175.51,84.44
"2018","第二季度","Middle","Equatorial Guinea","Public",301.1,9.03
"2018","第二季度","Middle","Gabon","Residential",183,16.47
"2018","第二季度","Middle","Sao Tome and Principe","Commercial",344,10.32
"2018","第二季度","Middle","Sao Tome and Principe","Residential",116.72,9.34
"2018","第二季度","Northern","Egypt","Residential",754.3,15.87
"2018","第二季度","Northern","Libya","Public",980.87,25.53
"2018","第二季度","Northern","Morocco","Public",181.59,9.24
"2018","第二季度","Northern","Sudan","Public",955.13,-37.57
"2018","第二季度","Northern","Western Sahara","Commercial",440.8,30.86
"2018","第二季度","Southern","Botswana","Public",430.46,25.83
"2018","第二季度","Southern","Lesotho","Public",635.88,-50.87
"2018","第二季度","Southern","Lesotho","Residential",122.51,-7.35
"2018","第二季度","Southern","Namibia","Public",789.26,-27.34
"2018","第二季度","Southern","South Africa","Commercial",439.53,30.77
"2018","第二季度","Southern","South Africa","Residential",2332.73,88.56
"2018","第二季度","Southern","Swaziland","Public",989.02,89.01
"2018","第二季度","Western","Benin","Commercial",1236.9,-33.77
"2018","第二季度","Western","Benin","Public",121.87,-9.75
"2018","第二季度","Western","Burkina Faso","Public",994.43,9.94
"2018","第二季度","Western","Cote d'Ivoire","Commercial",1121.41,-73.1
"2018","第二季度","Western","Cote d'Ivoire","Residential",362.31,25.36
"2018","第二季度","Western","Ghana","Residential",783.41,23.5
"2018","第二季度","Western","Liberia","Residential",236.5,-18.92
"2018","第二季度","Western","Mali","Residential",265.44,15.93
"2018","第二季度","Western","Niger","Residential",512.06,46.09
"2018","第二季度","Western","Nigeria","Public",1783.93,-27.96
"2018","第二季度","Western","Senegal","Commercial",101.35,1.01
"2018","第三季度","Eastern","Burundi","Public",757.23,0
"2018","第三季度","Eastern","Djibouti","Residential",818.68,40.93
"2018","第三季度","Eastern","Eritrea","Commercial",829.05,8.29
"2018","第三季度","Eastern","Kenya","Public",768.89,-23.07
"2018","第三季度","Eastern","Malawi","Commercial",1330.1,59.31
"2018","第三季度","Eastern","Malawi","Public",753.87,-37.69
"2018","第三季度","Eastern","Mauritius","Commercial",355.21,-4.66
"2018","第三季度","Eastern","Mozambique","Public",438.03,-4.38
"2018","第三季度","Eastern","Rwanda","Public",435.41,4.35
"2018","第三季度","Eastern","Seychelles","Commercial",447.46,-31.32
"2018","第三季度","Eastern","Seychelles","Public",94.94,-3.8
"2018","第三季度","Eastern","Somalia","Public",947.2,47.36
"2018","第三季度","Eastern","Somalia","Residential",515.86,36.11
"2018","第三季度","Eastern","Uganda","Residential",634.2,-44.39
"2018","第三季度","Eastern","United Republic of Tanzania","Public",437.73,-30.64
"2018","第三季度","Eastern","Zambia","Residential",226.85,18.15
"2018","第三季度","Eastern","Zimbabwe","Commercial",758.17,-53.07
"2018","第三季度","Middle","Cameroon","Public",983.55,-25.97
"2018","第三季度","Middle","Cameroon","Residential",542.43,-43.39
"2018","第三季度","Middle","Central African Republic","Residential",602.69,9.33
"2018","第三季度","Middle","Democratic Republic of the Congo","Commercial",697.67,-13.95
"2018","第三季度","Middle","Democratic Republic of the Congo","Public",997.23,49.86
"2018","第三季度","Middle","Equatorial Guinea","Public",966.99,-19.34
"2018","第三季度","Middle","Equatorial Guinea","Residential",383.7,23.02
"2018","第三季度","Middle","Gabon","Residential",53.37,-4.27
"2018","第三季度","Northern","Algeria","Commercial",422.63,16.91
"2018","第三季度","Northern","Egypt","Residential",654.41,32.72
"2018","第三季度","Northern","Libya","Public",183.31,12.83
"2018","第三季度","Northern","Sudan","Commercial",691.44,-41.49
"2018","第三季度","Northern","Sudan","Public",657.03,6.57
"2018","第三季度","Northern","Tunisia","Residential",628.53,37.71
"2018","第三季度","Northern","Western Sahara","Commercial",759.99,53.2
"2018","第三季度","Southern","Lesotho","Commercial",401.94,-8.04
"2018","第三季度","Southern","Namibia","Residential",234.66,0
"2018","第三季度","Southern","South Africa","Public",2302.07,1.01
"2018","第三季度","Southern","Swaziland","Residential",322.41,29.02
"2018","第三季度","Western","Benin","Commercial",506.77,-40.54
"2018","第三季度","Western","Benin","Public",152.03,9.12
"2018","第三季度","Western","Cote d'Ivoire","Commercial",701.13,63.1
"2018","第三季度","Western","Cote d'Ivoire","Residential",263.1,5.26
"2018","第三季度","Western","Ghana","Public",1013.9,99.04
"2018","第三季度","Western","Ghana","Residential",382.61,0
"2018","第三季度","Western","Guinea","Residential",197.63,1.98
"2018","第三季度","Western","Guinea-Bissau","Commercial",861.5,60.31
"2018","第三季度","Western","Guinea-Bissau","Public",285.13,8.55
"2018","第三季度","Western","Liberia","Residential",50.48,-4.04
"2018","第三季度","Western","Mali","Residential",891.4,48.8
"2018","第三季度","Western","Mauritania","Commercial",741.03,66.69
"2018","第三季度","Western","Mauritania","Public",347.85,-13.91
"2018","第三季度","Western","Niger","Residential",471.58,-23.58
"2018","第三季度","Western","Nigeria","Commercial",56.22,1.12
"2018","第三季度","Western","Nigeria","Public",922.03,27.66
"2018","第三季度","Western","Nigeria","Residential",992.39,39.7
"2018","第三季度","Western","Sierra Leone","Commercial",345.05,-17.25
"2018","第三季度","Western","Togo","Residential",10.76,0.54
"2018","第四季度","Eastern","Burundi","Residential",644.43,-6.44
"2018","第四季度","Eastern","Eritrea","Residential",699.51,-7
"2018","第四季度","Eastern","Ethiopia","Public",751.02,-15.02
"2018","第四季度","Eastern","Kenya","Public",606.12,24.24
"2018","第四季度","Eastern","Madagascar","Public",859.08,-25.77
"2018","第四季度","Eastern","Mozambique","Commercial",393.33,35.4
"2018","第四季度","Eastern","South Sudan","Residential",330.27,26.42
"2018","第四季度","Eastern","Uganda","Residential",696.6,69.66
"2018","第四季度","Eastern","United Republic of Tanzania","Public",70.25,5.62
"2018","第四季度","Eastern","Zimbabwe","Public",641.5,-12.83
"2018","第四季度","Middle","Angola","Public",573.24,-40.13
"2018","第四季度","Middle","Cameroon","Public",549.16,27.46
"2018","第四季度","Middle","Chad","Public",895.52,17.91
"2018","第四季度","Middle","Congo","Public",59.11,4.73
"2018","第四季度","Middle","Democratic Republic of the Congo","Public",1593.5,-67.68
"2018","第四季度","Middle","Gabon","Residential",692.57,0
"2018","第四季度","Middle","Sao Tome and Principe","Residential",973.62,0
"2018","第四季度","Northern","Algeria","Public",902.45,-9.02
"2018","第四季度","Northern","Morocco","Commercial",43.55,2.61
"2018","第四季度","Northern","Sudan","Residential",984.51,29.54
"2018","第四季度","Northern","Tunisia","Residential",253.34,10.13
"2018","第四季度","Northern","Western Sahara","Residential",216.43,-10.82
"2018","第四季度","Southern","Botswana","Public",197.18,-5.92
"2018","第四季度","Southern","South Africa","Commercial",695.93,20.88
"2018","第四季度","Southern","South Africa","Residential",406.44,28.45
"2018","第四季度","Western","Burkina Faso","Public",608.71,60.87
"2018","第四季度","Western","Cote d'Ivoire","Commercial",294.18,-23.53
"2018","第四季度","Western","Ghana","Commercial",432.15,43.22
"2018","第四季度","Western","Guinea","Commercial",371.08,-3.71
"2018","第四季度","Western","Liberia","Public",778.49,54.49
"2018","第四季度","Western","Niger","Commercial",958.9,-38.36
"2018","第四季度","Western","Nigeria","Commercial",481.11,24.06
"2018","第四季度","Western","Nigeria","Public",712.42,-51.05
"2018","第四季度","Western","Nigeria","Residential",66.13,-0.66
"2018","第四季度","Western","Senegal","Commercial",699.02,-20.97
"2018","第四季度","Western","Sierra Leone","Residential",364.23,0
"2018","第四季度","Western","Togo","Commercial",175.47,0
"2018","第一季度","Eastern","Burundi","Residential",349.79,-27.98
"2018","第一季度","Eastern","Djibouti","Residential",422.1,-6.34
"2018","第一季度","Eastern","Eritrea","Commercial",1131.32,82.19
"2018","第一季度","Eastern","Ethiopia","Commercial",932.04,74.56
"2018","第一季度","Eastern","Kenya","Public",34.43,-1.38
"2018","第一季度","Eastern","Kenya","Residential",391.21,-23.47
"2018","第一季度","Eastern","Madagascar","Public",893.28,-71.46
"2018","第一季度","Eastern","Malawi","Commercial",1095.27,75.7
"2018","第一季度","Eastern","Malawi","Residential",794.58,23.84
"2018","第一季度","Eastern","Mauritius","Commercial",352.89,31.76
"2018","第一季度","Eastern","Mozambique","Public",717.16,-7.17
"2018","第一季度","Eastern","Rwanda","Residential",1332.8,-41.07
"2018","第一季度","Eastern","Seychelles","Commercial",654.76,6.55
"2018","第一季度","Eastern","Seychelles","Public",165.84,-1.66
"2018","第一季度","Eastern","Somalia","Commercial",328.62,32.86
"2018","第一季度","Eastern","South Sudan","Residential",771.7,30.87
"2018","第一季度","Eastern","Uganda","Public",202.35,14.16
"2018","第一季度","Eastern","United Republic of Tanzania","Commercial",576.67,0.06
"2018","第一季度","Eastern","Zambia","Commercial",371.36,-29.71
"2018","第一季度","Eastern","Zimbabwe","Public",337.98,13.52
"2018","第一季度","Middle","Angola","Commercial",46.15,-3.23
"2018","第一季度","Middle","Cameroon","Commercial",187.34,-3.75
"2018","第一季度","Middle","Cameroon","Public",737.1,-14.74
"2018","第一季度","Middle","Central African Republic","Public",669.9,33.5
"2018","第一季度","Middle","Chad","Commercial",668.57,0
"2018","第一季度","Middle","Chad","Public",208.32,4.17
"2018","第一季度","Middle","Congo","Commercial",1022.56,-6.55
"2018","第一季度","Middle","Democratic Republic of the Congo","Commercial",112.21,-8.98
"2018","第一季度","Middle","Democratic Republic of the Congo","Public",115,1.15
"2018","第一季度","Middle","Democratic Republic of the Congo","Residential",750.42,0
"2018","第一季度","Middle","Equatorial Guinea","Commercial",32.98,-2.64
"2018","第一季度","Middle","Gabon","Residential",651.85,13.04
"2018","第一季度","Middle","Sao Tome and Principe","Residential",386.89,-19.34
"2018","第一季度","Northern","Algeria","Commercial",743.65,52.63
"2018","第一季度","Northern","Egypt","Public",120.75,1.21
"2018","第一季度","Northern","Libya","Residential",740.66,74.07
"2018","第一季度","Northern","Morocco","Public",301.61,30.16
"2018","第一季度","Northern","Sudan","Commercial",838.72,50.32
"2018","第一季度","Northern","Sudan","Residential",1057.64,36
"2018","第一季度","Northern","Tunisia","Commercial",403.54,36.32
"2018","第一季度","Northern","Tunisia","Residential",423.89,38.15
"2018","第一季度","Northern","Western Sahara","Commercial",623.24,-43.63
"2018","第一季度","Southern","Botswana","Residential",1383.37,70.28
"2018","第一季度","Southern","Lesotho","Commercial",711.29,56.9
"2018","第一季度","Southern","Namibia","Commercial",84.09,-2.52
"2018","第一季度","Southern","South Africa","Commercial",2423.48,50.07
"2018","第一季度","Southern","South Africa","Residential",2041.32,128.47
"2018","第一季度","Southern","Swaziland","Public",457.57,41.18
"2018","第一季度","Southern","Swaziland","Residential",971.11,67.98
"2018","第一季度","Western","Benin","Commercial",435.4,39.19
"2018","第一季度","Western","Benin","Public",628.33,56.55
"2018","第一季度","Western","Benin","Residential",343.36,27.47
"2018","第一季度","Western","Burkina Faso","Commercial",953.96,28.62
"2018","第一季度","Western","Burkina Faso","Residential",960.39,-76.83
"2018","第一季度","Western","Cote d'Ivoire","Commercial",894.21,-71.54
"2018","第一季度","Western","Cote d'Ivoire","Public",87.93,5.28
"2018","第一季度","Western","Ghana","Commercial",928.58,-13.37
"2018","第一季度","Western","Ghana","Residential",539.14,-26.96
"2018","第一季度","Western","Guinea","Commercial",683.41,-39.72
"2018","第一季度","Western","Guinea-Bissau","Public",890.77,5.79
"2018","第一季度","Western","Liberia","Residential",634.05,-50.72
"2018","第一季度","Western","Mali","Commercial",305.74,-9.17
"2018","第一季度","Western","Mauritania","Commercial",320.12,-3.2
"2018","第一季度","Western","Mauritania","Residential",702.51,21.08
"2018","第一季度","Western","Niger","Commercial",966.64,-19.33
"2018","第一季度","Western","Nigeria","Commercial",1255.21,46
"2018","第一季度","Western","Nigeria","Public",135.42,5.84
"2018","第一季度","Western","Nigeria","Residential",213.25,-14.93
"2018","第一季度","Western","Senegal","Commercial",494.93,-34.65
"2018","第一季度","Western","Senegal","Public",890.82,-71.27
"2018","第一季度","Western","Sierra Leone","Commercial",1087.92,76.1
"2018","第一季度","Western","Togo","Commercial",114.71,-2.29
"2018","第一季度","Western","Togo","Residential",283.56,22.68
"2019","第二季度","Eastern","Burundi","Residential",785.12,39.26
"2019","第二季度","Eastern","Djibouti","Public",914.68,-30.63
"2019","第二季度","Eastern","Kenya","Residential",1188.39,42.65
"2019","第二季度","Eastern","Malawi","Commercial",317.87,31.79
"2019","第二季度","Eastern","Mauritius","Commercial",387.66,-23.26
"2019","第二季度","Eastern","Mauritius","Public",25.6,1.79
"2019","第二季度","Eastern","Mozambique","Commercial",994.49,-59.67
"2019","第二季度","Eastern","Mozambique","Public",783.49,0
"2019","第二季度","Eastern","Rwanda","Commercial",1106.6,11.06
"2019","第二季度","Eastern","Somalia","Public",680.68,-13.61
"2019","第二季度","Eastern","Uganda","Commercial",830.39,-41.52
"2019","第二季度","Eastern","United Republic of Tanzania","Residential",98.4,3.94
"2019","第二季度","Eastern","Zambia","Public",933.98,37.36
"2019","第二季度","Eastern","Zambia","Residential",820.85,57.46
"2019","第二季度","Eastern","Zimbabwe","Commercial",954.5,-38.18
"2019","第二季度","Middle","Angola","Public",39.8,-3.18
"2019","第二季度","Middle","Cameroon","Commercial",735.16,-22.05
"2019","第二季度","Middle","Cameroon","Public",275.11,-11
"2019","第二季度","Middle","Central African Republic","Commercial",595.08,5.95
"2019","第二季度","Middle","Chad","Residential",472.81,42.55
"2019","第二季度","Middle","Democratic Republic of the Congo","Commercial",119.01,2.38
"2019","第二季度","Middle","Democratic Republic of the Congo","Public",788.56,-7.89
"2019","第二季度","Middle","Democratic Republic of the Congo","Residential",1001.18,-20.67
"2019","第二季度","Middle","Equatorial Guinea","Commercial",497.89,9.96
"2019","第二季度","Middle","Gabon","Commercial",1272.35,7.75
"2019","第二季度","Middle","Sao Tome and Principe","Residential",888.09,-62.17
"2019","第二季度","Northern","Egypt","Commercial",979.71,-20.63
"2019","第二季度","Northern","Morocco","Public",1126.85,28.31
"2019","第二季度","Northern","Sudan","Public",645.67,32.63
"2019","第二季度","Northern","Sudan","Residential",504.53,0
"2019","第二季度","Northern","Western Sahara","Public",440.26,13.21
"2019","第二季度","Southern","Botswana","Public",800.32,-48.02
"2019","第二季度","Southern","Lesotho","Commercial",716.33,35.82
"2019","第二季度","Southern","Namibia","Residential",1849.54,-39.55
"2019","第二季度","Southern","South Africa","Commercial",827.47,8.27
"2019","第二季度","Southern","South Africa","Public",771.25,-15.43
"2019","第二季度","Southern","South Africa","Residential",1149.35,18.47
"2019","第二季度","Western","Benin","Commercial",852.18,-25.57
"2019","第二季度","Western","Benin","Residential",21.32,0.64
"2019","第二季度","Western","Cote d'Ivoire","Public",510.55,30.63
"2019","第二季度","Western","Ghana","Commercial",527.38,-26.37
"2019","第二季度","Western","Ghana","Residential",792.14,-55.45
"2019","第二季度","Western","Guinea","Public",1264.35,-19.2
"2019","第二季度","Western","Guinea-Bissau","Commercial",544.96,-16.35
"2019","第二季度","Western","Guinea-Bissau","Public",223.93,4.48
"2019","第二季度","Western","Liberia","Commercial",515.28,-10.31
"2019","第二季度","Western","Mauritania","Commercial",356.89,-17.84
"2019","第二季度","Western","Niger","Commercial",389.73,-15.59
"2019","第二季度","Western","Nigeria","Public",530.96,-42.48
"2019","第二季度","Western","Nigeria","Residential",1131.46,45.75
"2019","第二季度","Western","Senegal","Public",252.82,22.75
"2019","第二季度","Western","Sierra Leone","Commercial",845.73,-33.14
"2019","第三季度","Eastern","Burundi","Residential",861.38,8.61
"2019","第三季度","Eastern","Djibouti","Residential",952.85,-28.59
"2019","第三季度","Eastern","Eritrea","Commercial",126.3,2.53
"2019","第三季度","Eastern","Eritrea","Residential",199.16,3.98
"2019","第三季度","Eastern","Ethiopia","Commercial",624.27,49.94
"2019","第三季度","Eastern","Kenya","Commercial",759.18,-15.18
"2019","第三季度","Eastern","Madagascar","Commercial",1138.96,104.43
"2019","第三季度","Eastern","Malawi","Public",1562.11,91.51
"2019","第三季度","Eastern","Malawi","Residential",130.69,7.84
"2019","第三季度","Eastern","Seychelles","Commercial",439.66,-21.98
"2019","第三季度","Eastern","Seychelles","Residential",52.28,3.14
"2019","第三季度","Eastern","Somalia","Public",118.6,-3.56
"2019","第三季度","Eastern","South Sudan","Public",1088.7,-16.06
"2019","第三季度","Eastern","United Republic of Tanzania","Public",846.06,59.22
"2019","第三季度","Eastern","Zimbabwe","Commercial",225.21,-6.76
"2019","第三季度","Middle","Angola","Commercial",703.07,34.61
"2019","第三季度","Middle","Cameroon","Commercial",1426.86,15.03
"2019","第三季度","Middle","Cameroon","Residential",977.32,58.64
"2019","第三季度","Middle","Central African Republic","Public",168.78,-10.13
"2019","第三季度","Middle","Congo","Commercial",146.09,11.69
"2019","第三季度","Middle","Democratic Republic of the Congo","Commercial",725.08,-15.2
"2019","第三季度","Middle","Equatorial Guinea","Residential",649.16,32.46
"2019","第三季度","Middle","Sao Tome and Principe","Commercial",1880.85,-14.88
"2019","第三季度","Northern","Algeria","Residential",206.71,8.27
"2019","第三季度","Northern","Libya","Public",434.16,17.37
"2019","第三季度","Northern","Libya","Residential",807.85,32.31
"2019","第三季度","Northern","Morocco","Commercial",150.54,-12.04
"2019","第三季度","Northern","Sudan","Residential",822.41,-32.9
"2019","第三季度","Northern","Tunisia","Commercial",511.56,-15.35
"2019","第三季度","Northern","Western Sahara","Public",74.45,-5.96
"2019","第三季度","Northern","Western Sahara","Residential",759.65,15.19
"2019","第三季度","Southern","Botswana","Residential",93.74,1.87
"2019","第三季度","Southern","Lesotho","Commercial",53.57,-4.29
"2019","第三季度","Southern","Lesotho","Residential",704.69,70.47
"2019","第三季度","Southern","Namibia","Residential",88.06,7.93
"2019","第三季度","Southern","South Africa","Commercial",1606.24,-63.45
"2019","第三季度","Southern","South Africa","Residential",1761.1,27.76
"2019","第三季度","Southern","Swaziland","Residential",401.44,-24.09
"2019","第三季度","Western","Benin","Residential",1872.94,90.48
"2019","第三季度","Western","Burkina Faso","Public",977.29,-58.64
"2019","第三季度","Western","Cote d'Ivoire","Public",54.12,4.33
"2019","第三季度","Western","Cote d'Ivoire","Residential",743.91,74.39
"2019","第三季度","Western","Ghana","Residential",472.8,20.15
"2019","第三季度","Western","Mali","Commercial",77.85,-6.23
"2019","第三季度","Western","Niger","Residential",346.72,-17.34
"2019","第三季度","Western","Nigeria","Commercial",724.95,0
"2019","第三季度","Western","Nigeria","Public",769.07,43.56
"2019","第三季度","Western","Nigeria","Residential",83.74,1.67
"2019","第三季度","Western","Senegal","Commercial",893.17,53.59
"2019","第三季度","Western","Senegal","Public",109.84,2.2
"2019","第三季度","Western","Sierra Leone","Public",400.86,-4.01
"2019","第三季度","Western","Togo","Commercial",660.33,-19.81
"2019","第三季度","Western","Togo","Public",875.44,-43.77
"2019","第四季度","Eastern","Burundi","Public",865.69,51.94
"2019","第四季度","Eastern","Ethiopia","Commercial",743.67,29.75
"2019","第四季度","Eastern","Malawi","Residential",692.45,6.92
"2019","第四季度","Eastern","Mauritius","Public",15.99,-0.8
"2019","第四季度","Eastern","Mozambique","Commercial",937.98,0
"2019","第四季度","Eastern","Rwanda","Public",472.24,-37.78
"2019","第四季度","Eastern","Somalia","Commercial",443.2,22.16
"2019","第四季度","Eastern","Uganda","Residential",6.87,0.14
"2019","第四季度","Eastern","United Republic of Tanzania","Commercial",505.64,-20.23
"2019","第四季度","Eastern","Zambia","Public",12.31,-0.37
"2019","第四季度","Middle","Central African Republic","Residential",461.66,41.55
"2019","第四季度","Middle","Chad","Public",163.34,-11.43
"2019","第四季度","Middle","Congo","Commercial",498.92,-4.99
"2019","第四季度","Middle","Democratic Republic of the Congo","Commercial",430.15,-30.11
"2019","第四季度","Middle","Equatorial Guinea","Residential",800.51,32.02
"2019","第四季度","Middle","Gabon","Public",771.44,77.14
"2019","第四季度","Northern","Algeria","Residential",377.49,26.42
"2019","第四季度","Northern","Egypt","Residential",485.04,-38.8
"2019","第四季度","Northern","Sudan","Public",277.22,5.54
"2019","第四季度","Northern","Sudan","Residential",493.02,-19.72
"2019","第四季度","Northern","Tunisia","Commercial",728.79,72.88
"2019","第四季度","Southern","Botswana","Residential",137.27,-2.75
"2019","第四季度","Southern","Swaziland","Residential",787.3,15.75
"2019","第四季度","Western","Benin","Commercial",517.7,0
"2019","第四季度","Western","Burkina Faso","Commercial",5.47,0.55
"2019","第四季度","Western","Cote d'Ivoire","Commercial",1645.88,1.48
"2019","第四季度","Western","Ghana","Commercial",535.35,-26.77
"2019","第四季度","Western","Guinea","Public",350.47,28.04
"2019","第四季度","Western","Guinea-Bissau","Commercial",547.68,-38.34
"2019","第四季度","Western","Liberia","Residential",306.96,9.21
"2019","第四季度","Western","Mali","Commercial",572.27,-11.45
"2019","第四季度","Western","Mauritania","Residential",784.94,78.49
"2019","第四季度","Western","Nigeria","Public",461.48,-28.47
"2019","第四季度","Western","Nigeria","Residential",550.57,5.51
"2019","第一季度","Eastern","Burundi","Commercial",118.96,-2.38
"2019","第一季度","Eastern","Djibouti","Public",833.21,16.66
"2019","第一季度","Eastern","Eritrea","Commercial",506.01,50.6
"2019","第一季度","Eastern","Eritrea","Public",326.44,26.12
"2019","第一季度","Eastern","Ethiopia","Commercial",151.23,-12.1
"2019","第一季度","Eastern","Ethiopia","Residential",447.81,4.48
"2019","第一季度","Eastern","Kenya","Public",344.77,-13.79
"2019","第一季度","Eastern","Madagascar","Public",1116.92,-4.47
"2019","第一季度","Eastern","Malawi","Commercial",958.74,-25.22
"2019","第一季度","Eastern","Malawi","Residential",74.76,-5.98
"2019","第一季度","Eastern","Mauritius","Public",444.48,13.33
"2019","第一季度","Eastern","Mozambique","Residential",549.94,38.5
"2019","第一季度","Eastern","Rwanda","Residential",543.44,32.61
"2019","第一季度","Eastern","Seychelles","Commercial",793.93,-63.51
"2019","第一季度","Eastern","Seychelles","Residential",680.76,-34.04
"2019","第一季度","Eastern","Somalia","Commercial",985.13,59.11
"2019","第一季度","Eastern","South Sudan","Commercial",619.94,-49.6
"2019","第一季度","Eastern","South Sudan","Residential",720.2,-21.61
"2019","第一季度","Eastern","Uganda","Public",455.3,-18.21
"2019","第一季度","Eastern","Uganda","Residential",608.24,24.33
"2019","第一季度","Eastern","United Republic of Tanzania","Commercial",661.42,6.61
"2019","第一季度","Eastern","Zambia","Public",182.1,-1.82
"2019","第一季度","Eastern","Zimbabwe","Public",574.87,0
"2019","第一季度","Eastern","Zimbabwe","Residential",438.85,26.33
"2019","第一季度","Middle","Angola","Commercial",421.39,-25.28
"2019","第一季度","Middle","Cameroon","Public",1275,84.39
"2019","第一季度","Middle","Central African Republic","Residential",743.9,52.07
"2019","第一季度","Middle","Chad","Public",157.34,-6.29
"2019","第一季度","Middle","Chad","Residential",112.67,-4.51
"2019","第一季度","Middle","Congo","Commercial",850.34,85.03
"2019","第一季度","Middle","Congo","Residential",641.22,-6.41
"2019","第一季度","Middle","Democratic Republic of the Congo","Commercial",1275.6,119.54
"2019","第一季度","Middle","Democratic Republic of the Congo","Public",897.4,89.74
"2019","第一季度","Middle","Democratic Republic of the Congo","Residential",98.66,2.96
"2019","第一季度","Middle","Equatorial Guinea","Residential",207.77,6.23
"2019","第一季度","Middle","Gabon","Public",46.01,4.6
"2019","第一季度","Middle","Sao Tome and Principe","Public",246.07,-7.38
"2019","第一季度","Northern","Algeria","Commercial",477.01,-4.77
"2019","第一季度","Northern","Algeria","Residential",120.45,0
"2019","第一季度","Northern","Egypt","Public",435.44,21.77
"2019","第一季度","Northern","Libya","Commercial",631.19,-23.96
"2019","第一季度","Northern","Morocco","Commercial",101.49,8.12
"2019","第一季度","Northern","Sudan","Public",209.66,14.68
"2019","第一季度","Northern","Sudan","Residential",982.34,39.29
"2019","第一季度","Northern","Tunisia","Public",295.13,26.62
"2019","第一季度","Northern","Western Sahara","Residential",388.17,19.41
"2019","第一季度","Southern","Botswana","Commercial",471.08,0
"2019","第一季度","Southern","Lesotho","Residential",264.4,23.8
"2019","第一季度","Southern","Namibia","Commercial",927.03,46.35
"2019","第一季度","Southern","South Africa","Commercial",934.89,43.7
"2019","第一季度","Southern","South Africa","Residential",1894.1,-64.93
"2019","第一季度","Southern","Swaziland","Residential",518.99,28.37
"2019","第一季度","Western","Benin","Commercial",686.65,44.64
"2019","第一季度","Western","Burkina Faso","Commercial",684.08,6.84
"2019","第一季度","Western","Burkina Faso","Public",685.99,27.44
"2019","第一季度","Western","Cote d'Ivoire","Commercial",1520,-67.2
"2019","第一季度","Western","Cote d'Ivoire","Public",961.4,-67.3
"2019","第一季度","Western","Ghana","Commercial",450.76,-18.03
"2019","第一季度","Western","Ghana","Public",1789.12,99.54
"2019","第一季度","Western","Guinea","Public",784.48,-39.22
"2019","第一季度","Western","Guinea-Bissau","Commercial",119.64,10.77
"2019","第一季度","Western","Liberia","Commercial",65.35,-1.31
"2019","第一季度","Western","Liberia","Public",685.47,-47.98
"2019","第一季度","Western","Mali","Commercial",840.9,-58.86
"2019","第一季度","Western","Mali","Residential",242.66,19.41
"2019","第一季度","Western","Mauritania","Public",630.95,6.31
"2019","第一季度","Western","Mauritania","Residential",308.86,-15.44
"2019","第一季度","Western","Niger","Public",1409.94,-44.51
"2019","第一季度","Western","Nigeria","Commercial",563.81,-45.1
"2019","第一季度","Western","Nigeria","Public",1031.06,5.42
"2019","第一季度","Western","Senegal","Public",153.18,13.79
"2019","第一季度","Western","Sierra Leone","Public",490.82,-4.91
"2019","第一季度","Western","Togo","Residential",721.02,40.2
"2020","第二季度","Eastern","Burundi","Public",1044.73,-21.52
"2020","第二季度","Eastern","Eritrea","Commercial",891.31,26.74
"2020","第二季度","Eastern","Kenya","Public",613.64,-30.68
"2020","第二季度","Eastern","Malawi","Commercial",316.12,-6.32
"2020","第二季度","Eastern","Rwanda","Public",586.73,41.07
"2020","第二季度","Eastern","Seychelles","Public",133.74,12.04
"2020","第二季度","Eastern","United Republic of Tanzania","Residential",471.51,37.72
"2020","第二季度","Eastern","Zimbabwe","Public",179.71,8.99
"2020","第二季度","Middle","Angola","Public",398.18,-19.91
"2020","第二季度","Middle","Cameroon","Commercial",1164.97,27.69
"2020","第二季度","Middle","Chad","Residential",400.93,36.08
"2020","第二季度","Middle","Congo","Public",340.78,-13.63
"2020","第二季度","Middle","Democratic Republic of the Congo","Commercial",1279.32,21.97
"2020","第二季度","Middle","Democratic Republic of the Congo","Public",42.9,3
"2020","第二季度","Middle","Democratic Republic of the Congo","Residential",964.65,-67.53
"2020","第二季度","Middle","Equatorial Guinea","Commercial",481.01,-9.62
"2020","第二季度","Middle","Gabon","Commercial",299.72,-23.98
"2020","第二季度","Middle","Gabon","Residential",963.17,-77.05
"2020","第二季度","Middle","Sao Tome and Principe","Public",681.82,27.27
"2020","第二季度","Northern","Algeria","Residential",876.49,-26.29
"2020","第二季度","Northern","Egypt","Public",510.23,17.35
"2020","第二季度","Northern","Libya","Residential",171.11,6.84
"2020","第二季度","Northern","Morocco","Public",355.17,-14.82
"2020","第二季度","Northern","Sudan","Residential",816.28,40.81
"2020","第二季度","Northern","Tunisia","Commercial",808.1,-16.16
"2020","第二季度","Northern","Tunisia","Residential",195.28,3.91
"2020","第二季度","Northern","Western Sahara","Residential",158.62,7.93
"2020","第二季度","Southern","Lesotho","Commercial",930.77,46.54
"2020","第二季度","Southern","Namibia","Commercial",978.37,39.13
"2020","第二季度","Southern","South Africa","Commercial",590.28,-19.65
"2020","第二季度","Southern","South Africa","Public",243.11,0
"2020","第二季度","Southern","Swaziland","Residential",196.19,-15.7
"2020","第二季度","Western","Benin","Commercial",913.53,-18.27
"2020","第二季度","Western","Benin","Public",934.94,-74.8
"2020","第二季度","Western","Benin","Residential",583.79,11.68
"2020","第二季度","Western","Cote d'Ivoire","Residential",86.84,-5.21
"2020","第二季度","Western","Ghana","Public",817.72,8.18
"2020","第二季度","Western","Guinea","Commercial",416.71,-12.5
"2020","第二季度","Western","Guinea","Public",404.93,-12.15
"2020","第二季度","Western","Guinea-Bissau","Residential",53.89,4.31
"2020","第二季度","Western","Mauritania","Commercial",1434.54,119.94
"2020","第二季度","Western","Niger","Residential",945.62,0
"2020","第二季度","Western","Nigeria","Residential",1656.55,54.9
"2020","第二季度","Western","Sierra Leone","Public",465.79,4.66
"2020","第二季度","Western","Togo","Public",128.8,2.58
"2020","第二季度","Western","Togo","Residential",440.08,-17.6
"2020","第三季度","Eastern","Djibouti","Commercial",38.26,-0.77
"2020","第三季度","Eastern","Eritrea","Commercial",856.67,-59.97
"2020","第三季度","Eastern","Ethiopia","Commercial",872.97,0
"2020","第三季度","Eastern","Madagascar","Commercial",600.21,-6
"2020","第三季度","Eastern","Malawi","Commercial",524.58,10.49
"2020","第三季度","Eastern","Malawi","Residential",459.39,18.38
"2020","第三季度","Eastern","Mauritius","Commercial",361.28,3.61
"2020","第三季度","Eastern","Mozambique","Public",562.83,5.63
"2020","第三季度","Eastern","Rwanda","Commercial",895.24,-71.62
"2020","第三季度","Eastern","Rwanda","Public",428.17,17.13
"2020","第三季度","Eastern","Seychelles","Commercial",334.36,33.44
"2020","第三季度","Eastern","Somalia","Commercial",262.21,26.22
"2020","第三季度","Eastern","South Sudan","Public",760.52,-38.03
"2020","第三季度","Eastern","Uganda","Residential",918.7,9.19
"2020","第三季度","Eastern","United Republic of Tanzania","Residential",202.36,-6.07
"2020","第三季度","Eastern","Zambia","Public",55.79,-2.23
"2020","第三季度","Middle","Angola","Residential",366.34,0
"2020","第三季度","Middle","Cameroon","Commercial",759.59,68.36
"2020","第三季度","Middle","Cameroon","Residential",537.87,26.89
"2020","第三季度","Middle","Central African Republic","Residential",386.36,-30.91
"2020","第三季度","Middle","Chad","Commercial",0.89,0.03
"2020","第三季度","Middle","Chad","Residential",44.5,3.12
"2020","第三季度","Middle","Congo","Residential",987.23,-9.87
"2020","第三季度","Middle","Democratic Republic of the Congo","Commercial",787.35,0
"2020","第三季度","Middle","Democratic Republic of the Congo","Residential",1042.33,78.98
"2020","第三季度","Middle","Equatorial Guinea","Commercial",289.07,-20.23
"2020","第三季度","Middle","Gabon","Public",157.86,-7.89
"2020","第三季度","Northern","Algeria","Public",245.2,-4.9
"2020","第三季度","Northern","Libya","Residential",344.48,10.33
"2020","第三季度","Northern","Sudan","Commercial",626.58,12.53
"2020","第三季度","Northern","Sudan","Public",770.05,30.45
"2020","第三季度","Northern","Western Sahara","Public",561.07,28.05
"2020","第三季度","Northern","Western Sahara","Residential",309.78,9.29
"2020","第三季度","Southern","Botswana","Commercial",423.13,33.85
"2020","第三季度","Southern","Botswana","Residential",731.77,-58.54
"2020","第三季度","Southern","Lesotho","Residential",526.93,-26.35
"2020","第三季度","Southern","Namibia","Residential",547.71,-38.34
"2020","第三季度","Southern","South Africa","Commercial",710.53,-14.21
"2020","第三季度","Southern","South Africa","Public",1858.65,114.44
"2020","第三季度","Western","Benin","Residential",657.94,-38.64
"2020","第三季度","Western","Burkina Faso","Commercial",524.68,-26.23
"2020","第三季度","Western","Burkina Faso","Residential",117.52,8.23
"2020","第三季度","Western","Cote d'Ivoire","Public",1051.01,-13.74
"2020","第三季度","Western","Cote d'Ivoire","Residential",1628.85,29.88
"2020","第三季度","Western","Ghana","Commercial",614.39,12.29
"2020","第三季度","Western","Ghana","Residential",917.97,47.53
"2020","第三季度","Western","Guinea","Public",255.31,-12.77
"2020","第三季度","Western","Liberia","Commercial",239.28,-4.79
"2020","第三季度","Western","Mali","Commercial",598.55,5.99
"2020","第三季度","Western","Mali","Residential",21.08,-1.26
"2020","第三季度","Western","Mauritania","Public",871.54,-17.43
"2020","第三季度","Western","Niger","Public",812.17,-64.97
"2020","第三季度","Western","Nigeria","Commercial",1626.88,55.15
"2020","第三季度","Western","Nigeria","Public",754.81,23.34
"2020","第三季度","Western","Nigeria","Residential",137.79,12.4
"2020","第三季度","Western","Senegal","Commercial",471.73,23.05
"2020","第四季度","Eastern","Burundi","Commercial",181.34,-12.69
"2020","第四季度","Eastern","Djibouti","Commercial",338.99,-6.78
"2020","第四季度","Eastern","Eritrea","Residential",310.64,3.11
"2020","第四季度","Eastern","Ethiopia","Commercial",649.92,-6.5
"2020","第四季度","Eastern","Kenya","Public",737.57,36.88
"2020","第四季度","Eastern","Madagascar","Residential",32.73,-0.65
"2020","第四季度","Eastern","Malawi","Residential",1028.89,45.97
"2020","第四季度","Eastern","Mauritius","Commercial",148.56,10.4
"2020","第四季度","Eastern","Mozambique","Public",159.81,-11.19
"2020","第四季度","Eastern","Seychelles","Commercial",20.98,0.21
"2020","第四季度","Eastern","Somalia","Commercial",116.04,11.6
"2020","第四季度","Eastern","South Sudan","Public",579.24,40.55
"2020","第四季度","Eastern","Uganda","Public",680.17,68.02
"2020","第四季度","Eastern","United Republic of Tanzania","Residential",859.82,-60.19
"2020","第四季度","Eastern","Zambia","Commercial",791.05,-47.46
"2020","第四季度","Eastern","Zimbabwe","Residential",394.28,-23.66
"2020","第四季度","Middle","Angola","Commercial",878.19,61.47
"2020","第四季度","Middle","Cameroon","Public",403.75,-12.11
"2020","第四季度","Middle","Central African Republic","Residential",687.01,-13.74
"2020","第四季度","Middle","Congo","Commercial",535.14,-26.76
"2020","第四季度","Middle","Democratic Republic of the Congo","Public",481.62,14.45
"2020","第四季度","Middle","Sao Tome and Principe","Residential",120.74,3.62
"2020","第四季度","Northern","Algeria","Residential",651.66,-32.58
"2020","第四季度","Northern","Egypt","Commercial",506.78,-10.14
"2020","第四季度","Northern","Libya","Commercial",106.59,-6.4
"2020","第四季度","Northern","Morocco","Commercial",184.49,-7.38
"2020","第四季度","Northern","Sudan","Public",679.3,47.55
"2020","第四季度","Northern","Tunisia","Residential",665.22,33.26
"2020","第四季度","Southern","Namibia","Public",951.26,95.13
"2020","第四季度","Southern","South Africa","Commercial",2265.19,-96.49
"2020","第四季度","Southern","Swaziland","Residential",801.25,-40.06
"2020","第四季度","Western","Benin","Residential",830.33,-8.3
"2020","第四季度","Western","Ghana","Public",432.32,17.29
"2020","第四季度","Western","Guinea-Bissau","Commercial",428.02,38.52
"2020","第四季度","Western","Liberia","Residential",133.26,-8
"2020","第四季度","Western","Nigeria","Public",705.15,49.36
"2020","第四季度","Western","Nigeria","Residential",119.23,-8.35
"2020","第四季度","Western","Sierra Leone","Public",427.16,0
"2020","第四季度","Western","Togo","Public",346.36,-24.25
"2020","第一季度","Eastern","Burundi","Residential",326.34,32.63
"2020","第一季度","Eastern","Djibouti","Public",1325.03,35.09
"2020","第一季度","Eastern","Eritrea","Public",845.23,-50.71
"2020","第一季度","Eastern","Ethiopia","Public",335.74,16.79
"2020","第一季度","Eastern","Ethiopia","Residential",302.99,9.09
"2020","第一季度","Eastern","Kenya","Residential",914.44,12.8
"2020","第一季度","Eastern","Madagascar","Public",335.21,-10.06
"2020","第一季度","Eastern","Madagascar","Residential",309.23,30.92
"2020","第一季度","Eastern","Malawi","Public",1117.39,-30.5
"2020","第一季度","Eastern","Malawi","Residential",292.46,14.62
"2020","第一季度","Eastern","Mauritius","Commercial",151.12,4.53
"2020","第一季度","Eastern","Mauritius","Public",859.44,68.76
"2020","第一季度","Eastern","Mozambique","Commercial",806.47,80.65
"2020","第一季度","Eastern","Mozambique","Residential",932.67,18.65
"2020","第一季度","Eastern","Rwanda","Public",3.1,0.09
"2020","第一季度","Eastern","Seychelles","Residential",460.12,-13.8
"2020","第一季度","Eastern","Somalia","Public",858.02,77.22
"2020","第一季度","Eastern","Somalia","Residential",307.81,-6.16
"2020","第一季度","Eastern","South Sudan","Residential",439.54,24.42
"2020","第一季度","Eastern","Uganda","Residential",883.96,59.56
"2020","第一季度","Eastern","United Republic of Tanzania","Residential",562.51,-33.75
"2020","第一季度","Eastern","Zambia","Commercial",748.72,7.49
"2020","第一季度","Eastern","Zambia","Public",28.24,-0.85
"2020","第一季度","Eastern","Zimbabwe","Commercial",401.79,0
"2020","第一季度","Eastern","Zimbabwe","Residential",449.7,0
"2020","第一季度","Middle","Angola","Residential",460.06,41.41
"2020","第一季度","Middle","Cameroon","Commercial",576.83,-17.3
"2020","第一季度","Middle","Cameroon","Public",1002.74,43.74
"2020","第一季度","Middle","Central African Republic","Public",341.86,13.67
"2020","第一季度","Middle","Central African Republic","Residential",633.31,38
"2020","第一季度","Middle","Chad","Public",456.72,18.27
"2020","第一季度","Middle","Congo","Residential",174.91,-7
"2020","第一季度","Middle","Democratic Republic of the Congo","Commercial",889.03,-42.11
"2020","第一季度","Middle","Democratic Republic of the Congo","Residential",945.06,47.25
"2020","第一季度","Middle","Equatorial Guinea","Public",293.14,29.31
"2020","第一季度","Middle","Equatorial Guinea","Residential",398.39,-11.95
"2020","第一季度","Middle","Gabon","Public",209.14,-8.37
"2020","第一季度","Middle","Sao Tome and Principe","Commercial",330.17,-23.11
"2020","第一季度","Middle","Sao Tome and Principe","Residential",810.6,40.53
"2020","第一季度","Northern","Algeria","Public",450.44,13.51
"2020","第一季度","Northern","Egypt","Residential",303.03,-18.18
"2020","第一季度","Northern","Libya","Commercial",112.07,3.36
"2020","第一季度","Northern","Morocco","Public",898.19,-44.91
"2020","第一季度","Northern","Sudan","Commercial",413.83,-33.11
"2020","第一季度","Northern","Sudan","Public",1384.76,-41.86
"2020","第一季度","Northern","Tunisia","Commercial",185.9,14.87
"2020","第一季度","Northern","Western Sahara","Commercial",91.21,-1.82
"2020","第一季度","Southern","Botswana","Commercial",117.65,3.53
"2020","第一季度","Southern","Botswana","Public",544.5,-27.23
"2020","第一季度","Southern","Lesotho","Commercial",268.61,0
"2020","第一季度","Southern","Lesotho","Public",318.66,25.49
"2020","第一季度","Southern","Namibia","Residential",174.17,3.48
"2020","第一季度","Southern","South Africa","Public",504.61,10.09
"2020","第一季度","Southern","South Africa","Residential",1798.82,-6.31
"2020","第一季度","Southern","Swaziland","Commercial",1168.69,49.58
"2020","第一季度","Western","Benin","Commercial",389.61,15.58
"2020","第一季度","Western","Benin","Residential",186.23,14.9
"2020","第一季度","Western","Burkina Faso","Public",1173.28,-63.3
"2020","第一季度","Western","Cote d'Ivoire","Commercial",598.04,18.74
"2020","第一季度","Western","Cote d'Ivoire","Residential",919.79,91.98
"2020","第一季度","Western","Ghana","Commercial",123.38,-6.17
"2020","第一季度","Western","Ghana","Public",400.33,28.02
"2020","第一季度","Western","Ghana","Residential",527.43,0
"2020","第一季度","Western","Guinea","Commercial",547.17,16.42
"2020","第一季度","Western","Guinea-Bissau","Commercial",776.71,6.06
"2020","第一季度","Western","Liberia","Residential",1190.47,24.25
"2020","第一季度","Western","Mali","Commercial",733.89,29.36
"2020","第一季度","Western","Mali","Public",93.81,-2.81
"2020","第一季度","Western","Mauritania","Residential",949.73,37.99
"2020","第一季度","Western","Niger","Commercial",1713.49,-6.77
"2020","第一季度","Western","Nigeria","Commercial",706.76,16.89
"2020","第一季度","Western","Nigeria","Public",1318.7,-32.7
"2020","第一季度","Western","Nigeria","Residential",1161.89,-19.55
"2020","第一季度","Western","Senegal","Commercial",134.83,6.74
"2020","第一季度","Western","Senegal","Residential",300.64,6.01
"2020","第一季度","Western","Sierra Leone","Public",400.61,-20.03
"2020","第一季度","Western","Sierra Leone","Residential",117.12,-1.17
"2020","第一季度","Western","Togo","Public",992.23,-19.84
