??,??,??,??,????,???,??
1/1/2017,Cote d'Ivoire,Abidjan,Western,Commercial, $656.96 , $6.57 
1/1/2017,Madagascar,Antananarivo,Eastern,Public, $875.94 , $-70.08 
1/1/2017,Rwanda,Kigali,Eastern,Public, $258.35 , $18.08 
1/1/2017,Zimbabwe,Harare,Eastern,Residential, $875.62 , $-35.02 
1/2/2017,Ethiopia,Addis Ababa,Eastern,Residential, $509.93 , $10.20 
1/3/2017,Chad,N'Djamena,Middle,Commercial, $443.13 , $4.43 
1/3/2017,Malawi,Blantyre,Eastern,Residential, $651.78 , $19.55 
1/3/2017,Mauritius,Port Louis,Eastern,Public, $896.64 , $-62.76 
1/4/2017,Sao Tome and Principe,Sao Tome,Middle,Commercial, $226.92 , $13.62 
1/5/2017,Burundi,Bujumbura,Eastern,Commercial, $928.07 , $74.25 
1/5/2017,Cameroon,Yaoundé,Middle,Public, $77.41 , $3.87 
1/5/2017,Cote d'Ivoire,Yamoussoukro,Western,Public, $263.65 , $10.55 
1/5/2017,Nigeria,Lagos,Western,Residential, $950.83 , $-47.54 
1/5/2017,Senegal,Dakar,Western,Commercial, $252.01 , $22.68 
1/5/2017,South Africa,Cape Town,Southern,Residential, $173.98 , $-10.44 
1/6/2017,Benin,Porto-Novo,Western,Residential, $384.51 , $34.61 
1/6/2017,Sierra Leone,Freetown,Western,Residential, $301.55 , $-6.03 
1/7/2017,Equatorial Guinea,Malabo,Middle,Commercial, $876.78 , $-43.84 
1/7/2017,Western Sahara,Dakhla,Northern,Residential, $235.84 , $-2.36 
1/8/2017,Nigeria,Kano,Western,Public, $580.55 , $-40.64 
1/8/2017,Sudan,Khartoum,Northern,Residential, $218.64 , $17.49 
1/9/2017,Algeria,Algiers,Northern,Residential, $906.30 , $9.06 
1/10/2017,Eritrea,Asmara,Eastern,Commercial, $791.98 , $7.92 
1/10/2017,Libya,Tripoli,Northern,Residential, $643.73 , $45.06 
1/10/2017,Niger,Niamey,Western,Residential, $3.30 , $-0.03 
1/10/2017,Togo,Lome,Western,Residential, $326.97 , $22.89 
1/12/2017,Guinea-Bissau,Bissau,Western,Commercial, $28.16 , $0.28 
1/12/2017,United Republic of Tanzania,Dar es Salaam,Eastern,Residential, $232.27 , $-2.32 
1/13/2017,Ghana,Kumasi,Western,Residential, $83.11 , $8.31 
1/14/2017,Botswana,Gaborone,Southern,Commercial, $660.12 , $-   
1/14/2017,Lesotho,Maseru,Southern,Commercial, $153.27 , $4.60 
1/15/2017,Democratic Republic of the Congo,Lubumbashi,Middle,Public, $40.85 , $-2.04 
1/16/2017,Benin,Cotonou,Western,Residential, $897.78 , $53.87 
1/16/2017,Burkina Faso,Ouagadougou,Western,Public, $462.98 , $37.04 
1/16/2017,Somalia,Mogadishu,Eastern,Public, $977.28 , $-9.77 
1/17/2017,Cameroon,Douala,Middle,Public, $918.82 , $73.51 
1/17/2017,Central African Republic,Bangui,Middle,Commercial, $451.45 , $36.12 
1/17/2017,South Africa,Johannesburg,Southern,Residential, $155.86 , $-4.68 
1/18/2017,Gabon,Libreville,Middle,Commercial, $984.20 , $29.53 
1/18/2017,Tunisia,Tunis,Northern,Commercial, $60.05 , $-0.60 
1/19/2017,Congo,Brazzaville,Middle,Commercial, $306.10 , $-   
1/19/2017,Mozambique,Maputo,Eastern,Residential, $122.40 , $9.79 
1/19/2017,Namibia,Windhoek,Southern,Residential, $598.62 , $29.93 
1/19/2017,Seychelles,Victoria,Eastern,Residential, $90.78 , $-4.54 
1/19/2017,Swaziland,Mbabane,Southern,Residential, $864.78 , $-69.18 
1/20/2017,Angola,Luanda,Middle,Residential, $93.20 , $7.46 
1/22/2017,Malawi,Lilongwe,Eastern,Residential, $841.00 , $8.41 
1/22/2017,South Africa,Durban,Southern,Commercial, $290.43 , $-20.33 
1/22/2017,South Africa,Pretoria,Southern,Residential, $818.99 , $8.19 
1/23/2017,Mali,Bamako,Western,Residential, $847.01 , $42.35 
1/23/2017,Uganda,Kampala,Eastern,Public, $649.29 , $-51.94 
1/24/2017,Ghana,Accra,Western,Commercial, $209.95 , $8.40 
1/24/2017,Guinea,Conakry,Western,Public, $188.89 , $13.22 
1/24/2017,Nigeria,Abuja,Western,Commercial, $723.84 , $7.24 
1/24/2017,Nigeria,Ibadan,Western,Residential, $315.60 , $6.31 
1/24/2017,Sudan,Khartoum,Northern,Public, $120.67 , $2.41 
1/25/2017,Democratic Republic of the Congo,Mbuji-Mayi,Middle,Public, $863.54 , $-   
1/25/2017,South Sudan,Juba,Eastern,Public, $359.89 , $-21.59 
1/25/2017,Zambia,Lusaka,Eastern,Commercial, $222.26 , $20.00 
1/26/2017,Djibouti,Djibouti,Eastern,Commercial, $885.22 , $-26.56 
1/26/2017,Kenya,Nairobi,Eastern,Residential, $992.58 , $49.63 
1/27/2017,Democratic Republic of the Congo,Kinshasa,Middle,Commercial, $366.62 , $25.66 
1/27/2017,Liberia,Monrovia,Western,Residential, $936.97 , $-65.59 
1/27/2017,Morocco,Rabat,Northern,Public, $832.54 , $58.28 
1/28/2017,Egypt,Cairo,Northern,Residential, $761.05 , $60.88 
1/28/2017,Mauritania,Nouakchott,Western,Public, $211.03 , $12.66 
2/2/2017,Burkina Faso,Ouagadougou,Western,Residential, $638.38 , $-6.38 
2/5/2017,Mozambique,Maputo,Eastern,Public, $357.17 , $32.15 
2/12/2017,Ghana,Kumasi,Western,Commercial, $392.84 , $-15.71 
2/13/2017,Ghana,Accra,Western,Residential, $67.29 , $6.06 
2/15/2017,Guinea,Conakry,Western,Public, $825.78 , $33.03 
2/18/2017,Algeria,Algiers,Northern,Residential, $385.71 , $-30.86 
2/18/2017,Cote d'Ivoire,Yamoussoukro,Western,Commercial, $436.30 , $-17.45 
2/18/2017,United Republic of Tanzania,Dar es Salaam,Eastern,Commercial, $401.85 , $4.02 
2/19/2017,Democratic Republic of the Congo,Mbuji-Mayi,Middle,Residential, $246.28 , $12.31 
2/20/2017,Equatorial Guinea,Malabo,Middle,Residential, $996.56 , $9.97 
2/21/2017,Sudan,Khartoum,Northern,Public, $99.20 , $7.94 
2/25/2017,Senegal,Dakar,Western,Residential, $193.94 , $-11.64 
2/26/2017,Nigeria,Lagos,Western,Residential, $316.67 , $-12.67 
2/27/2017,Uganda,Kampala,Eastern,Residential, $983.55 , $19.67 
2/28/2017,Eritrea,Asmara,Eastern,Public, $196.57 , $13.76 
2/28/2017,Libya,Tripoli,Northern,Commercial, $258.25 , $-15.50 
3/2/2017,Burundi,Bujumbura,Eastern,Public, $428.05 , $-4.28 
3/3/2017,Gabon,Libreville,Middle,Public, $952.76 , $38.11 
3/3/2017,Zimbabwe,Harare,Eastern,Residential, $391.72 , $-3.92 
3/5/2017,Central African Republic,Bangui,Middle,Residential, $363.30 , $7.27 
3/6/2017,South Sudan,Juba,Eastern,Public, $165.99 , $-11.62 
3/7/2017,Sao Tome and Principe,Sao Tome,Middle,Public, $921.82 , $55.31 
3/10/2017,Cote d'Ivoire,Abidjan,Western,Public, $597.21 , $-   
3/10/2017,South Africa,Durban,Southern,Residential, $397.52 , $-7.95 
3/12/2017,Mauritius,Port Louis,Eastern,Public, $488.55 , $-   
3/12/2017,Togo,Lome,Western,Public, $155.31 , $4.66 
3/17/2017,Rwanda,Kigali,Eastern,Commercial, $322.84 , $-9.69 
3/18/2017,Madagascar,Antananarivo,Eastern,Commercial, $157.77 , $-4.73 
3/18/2017,Nigeria,Ibadan,Western,Residential, $966.47 , $86.98 
3/20/2017,Egypt,Cairo,Northern,Residential, $444.69 , $13.34 
3/22/2017,Liberia,Monrovia,Western,Commercial, $301.63 , $-9.05 
3/25/2017,Cameroon,Yaoundé,Middle,Public, $736.79 , $22.10 
3/26/2017,Namibia,Windhoek,Southern,Residential, $69.70 , $6.97 
4/4/2017,Western Sahara,Dakhla,Northern,Public, $761.86 , $45.71 
4/9/2017,Benin,Porto-Novo,Western,Commercial, $989.86 , $69.29 
4/9/2017,Malawi,Lilongwe,Eastern,Residential, $809.98 , $40.50 
4/13/2017,Sudan,Khartoum,Northern,Residential, $580.98 , $23.24 
4/21/2017,Guinea-Bissau,Bissau,Western,Residential, $559.51 , $22.38 
4/23/2017,South Africa,Pretoria,Southern,Commercial, $1.39 , $-0.06 
4/24/2017,Democratic Republic of the Congo,Lubumbashi,Middle,Public, $447.06 , $-26.82 
4/24/2017,Niger,Niamey,Western,Commercial, $59.99 , $-4.80 
4/25/2017,Tunisia,Tunis,Northern,Commercial, $772.52 , $-46.35 
4/26/2017,Nigeria,Kano,Western,Commercial, $626.23 , $-31.31 
4/27/2017,Benin,Cotonou,Western,Commercial, $435.48 , $8.71 
5/2/2017,Ethiopia,Addis Ababa,Eastern,Commercial, $600.36 , $6.00 
5/4/2017,Congo,Brazzaville,Middle,Residential, $949.63 , $-47.48 
5/4/2017,Guinea,Conakry,Western,Public, $10.69 , $-0.75 
5/4/2017,Tunisia,Tunis,Northern,Commercial, $875.36 , $43.77 
5/7/2017,Benin,Porto-Novo,Western,Public, $986.77 , $-29.60 
5/7/2017,Cameroon,Douala,Middle,Public, $678.52 , $-27.14 
5/7/2017,Guinea-Bissau,Bissau,Western,Residential, $782.81 , $54.80 
5/9/2017,Gabon,Libreville,Middle,Residential, $914.72 , $-   
5/10/2017,Botswana,Gaborone,Southern,Commercial, $953.86 , $95.39 
5/10/2017,Lesotho,Maseru,Southern,Public, $484.25 , $33.90 
5/11/2017,Sudan,Khartoum,Northern,Residential, $921.68 , $36.87 
5/12/2017,Zambia,Lusaka,Eastern,Public, $751.73 , $-15.03 
5/13/2017,Cameroon,Yaoundé,Middle,Public, $865.75 , $-51.95 
5/14/2017,Somalia,Mogadishu,Eastern,Commercial, $673.55 , $-13.47 
5/15/2017,Eritrea,Asmara,Eastern,Residential, $857.28 , $-34.29 
5/18/2017,Egypt,Cairo,Northern,Commercial, $510.23 , $20.41 
5/22/2017,Angola,Luanda,Middle,Residential, $688.25 , $68.83 
5/23/2017,Mauritania,Nouakchott,Western,Public, $42.63 , $2.98 
5/23/2017,Morocco,Rabat,Northern,Commercial, $703.93 , $-35.20 
5/23/2017,Swaziland,Mbabane,Southern,Public, $760.70 , $30.43 
5/24/2017,Democratic Republic of the Congo,Kinshasa,Middle,Commercial, $335.87 , $30.23 
6/1/2017,Togo,Lome,Western,Commercial, $572.06 , $17.16 
6/2/2017,Burundi,Bujumbura,Eastern,Public, $542.68 , $-   
6/2/2017,Congo,Brazzaville,Middle,Residential, $725.91 , $58.07 
6/3/2017,Mali,Bamako,Western,Public, $242.34 , $-16.96 
6/4/2017,Cameroon,Douala,Middle,Commercial, $52.91 , $2.12 
6/4/2017,Djibouti,Djibouti,Eastern,Residential, $724.69 , $-7.25 
6/4/2017,Mozambique,Maputo,Eastern,Residential, $986.39 , $-19.73 
6/6/2017,South Africa,Pretoria,Southern,Commercial, $793.52 , $39.68 
6/7/2017,Sierra Leone,Freetown,Western,Commercial, $695.88 , $-13.92 
6/7/2017,South Africa,Johannesburg,Southern,Public, $686.67 , $48.07 
6/8/2017,Libya,Tripoli,Northern,Public, $587.33 , $-5.87 
6/9/2017,Chad,N'Djamena,Middle,Commercial, $35.55 , $3.20 
6/9/2017,Nigeria,Abuja,Western,Commercial, $652.21 , $58.70 
6/10/2017,Seychelles,Victoria,Eastern,Residential, $40.12 , $-1.60 
6/13/2017,Rwanda,Kigali,Eastern,Public, $736.43 , $14.73 
6/17/2017,Kenya,Nairobi,Eastern,Residential, $70.94 , $2.84 
6/17/2017,Malawi,Blantyre,Eastern,Commercial, $130.06 , $10.40 
6/18/2017,Mauritania,Nouakchott,Western,Public, $796.23 , $55.74 
6/18/2017,South Africa,Johannesburg,Southern,Residential, $981.17 , $-29.44 
6/19/2017,Malawi,Lilongwe,Eastern,Residential, $45.51 , $3.19 
6/20/2017,Zimbabwe,Harare,Eastern,Residential, $451.47 , $-31.60 
6/23/2017,South Africa,Cape Town,Southern,Public, $478.39 , $19.14 
6/24/2017,Kenya,Nairobi,Eastern,Residential, $904.98 , $-72.40 
6/27/2017,Liberia,Monrovia,Western,Residential, $480.03 , $4.80 
7/1/2017,Central African Republic,Bangui,Middle,Public, $76.46 , $3.82 
7/2/2017,Cote d'Ivoire,Abidjan,Western,Residential, $977.84 , $-58.67 
7/3/2017,Botswana,Gaborone,Southern,Commercial, $874.66 , $78.72 
7/4/2017,Uganda,Kampala,Eastern,Public, $168.20 , $3.36 
7/6/2017,Ethiopia,Addis Ababa,Eastern,Public, $18.17 , $0.73 
7/7/2017,Sao Tome and Principe,Sao Tome,Middle,Commercial, $591.09 , $-5.91 
7/8/2017,Malawi,Blantyre,Eastern,Commercial, $826.12 , $33.04 
7/12/2017,Madagascar,Antananarivo,Eastern,Residential, $787.38 , $-15.75 
7/12/2017,South Africa,Durban,Southern,Public, $883.26 , $44.16 
7/14/2017,Ghana,Kumasi,Western,Residential, $977.69 , $-9.78 
7/15/2017,Angola,Luanda,Middle,Public, $453.66 , $45.37 
7/18/2017,Nigeria,Lagos,Western,Public, $303.31 , $3.03 
7/18/2017,Sudan,Khartoum,Northern,Public, $593.17 , $-41.52 
7/21/2017,Sierra Leone,Freetown,Western,Public, $238.65 , $2.39 
7/24/2017,Nigeria,Ibadan,Western,Residential, $458.22 , $-32.08 
7/26/2017,Chad,N'Djamena,Middle,Commercial, $85.19 , $-2.56 
7/28/2017,Western Sahara,Dakhla,Northern,Public, $737.15 , $51.60 
8/2/2017,Malawi,Blantyre,Eastern,Public, $799.11 , $-47.95 
8/5/2017,Egypt,Cairo,Northern,Commercial, $928.29 , $46.41 
8/6/2017,Namibia,Windhoek,Southern,Residential, $953.13 , $-38.13 
8/7/2017,Djibouti,Djibouti,Eastern,Residential, $782.06 , $-15.64 
8/7/2017,Mali,Bamako,Western,Public, $97.90 , $-5.87 
8/7/2017,South Sudan,Juba,Eastern,Public, $443.60 , $-26.62 
8/8/2017,Nigeria,Abuja,Western,Public, $936.65 , $-56.20 
8/8/2017,Somalia,Mogadishu,Eastern,Residential, $320.90 , $-19.25 
8/9/2017,Senegal,Dakar,Western,Residential, $276.04 , $24.84 
8/9/2017,South Africa,Cape Town,Southern,Residential, $539.01 , $-43.12 
8/11/2017,Cote d'Ivoire,Abidjan,Western,Residential, $660.79 , $-26.43 
8/11/2017,Swaziland,Mbabane,Southern,Public, $699.75 , $-20.99 
8/13/2017,Sao Tome and Principe,Sao Tome,Middle,Commercial, $105.81 , $3.17 
8/13/2017,Tunisia,Tunis,Northern,Public, $701.35 , $56.11 
8/14/2017,Swaziland,Mbabane,Southern,Residential, $480.82 , $9.62 
8/17/2017,Morocco,Rabat,Northern,Public, $241.48 , $-4.83 
8/18/2017,Democratic Republic of the Congo,Mbuji-Mayi,Middle,Public, $112.30 , $4.49 
8/20/2017,Angola,Luanda,Middle,Public, $216.35 , $2.16 
8/21/2017,Liberia,Monrovia,Western,Public, $78.12 , $-5.47 
8/21/2017,Senegal,Dakar,Western,Commercial, $218.25 , $-10.91 
8/21/2017,South Africa,Pretoria,Southern,Commercial, $544.34 , $54.43 
8/21/2017,Zambia,Lusaka,Eastern,Public, $353.92 , $-24.77 
8/23/2017,Namibia,Windhoek,Southern,Public, $659.86 , $-6.60 
8/23/2017,Sudan,Khartoum,Northern,Residential, $126.44 , $5.06 
8/24/2017,Equatorial Guinea,Malabo,Middle,Commercial, $736.28 , $29.45 
8/25/2017,Democratic Republic of the Congo,Kinshasa,Middle,Public, $358.47 , $10.75 
8/26/2017,Democratic Republic of the Congo,Lubumbashi,Middle,Commercial, $895.59 , $80.60 
8/26/2017,Democratic Republic of the Congo,Kinshasa,Middle,Commercial, $930.49 , $-27.91 
9/1/2017,Nigeria,Lagos,Western,Public, $368.00 , $-22.08 
9/2/2017,Ghana,Accra,Western,Public, $142.12 , $-   
9/3/2017,Cameroon,Douala,Middle,Public, $609.53 , $42.67 
9/4/2017,Benin,Cotonou,Western,Public, $739.48 , $-7.39 
9/4/2017,Lesotho,Maseru,Southern,Commercial, $517.81 , $41.42 
9/5/2017,Algeria,Algiers,Northern,Commercial, $723.41 , $36.17 
9/6/2017,Cote d'Ivoire,Yamoussoukro,Western,Commercial, $229.43 , $-18.35 
9/6/2017,Mauritius,Port Louis,Eastern,Commercial, $512.94 , $25.65 
9/6/2017,Niger,Niamey,Western,Public, $665.20 , $-46.56 
9/10/2017,Gabon,Libreville,Middle,Commercial, $950.34 , $-66.52 
9/10/2017,Mauritania,Nouakchott,Western,Commercial, $573.76 , $-34.43 
9/12/2017,Cote d'Ivoire,Yamoussoukro,Western,Residential, $801.00 , $-40.05 
9/13/2017,Somalia,Mogadishu,Eastern,Commercial, $668.57 , $60.17 
9/14/2017,Seychelles,Victoria,Eastern,Public, $576.87 , $-23.07 
9/14/2017,Seychelles,Victoria,Eastern,Public, $916.42 , $-   
9/15/2017,Rwanda,Kigali,Eastern,Public, $264.47 , $-5.29 
9/17/2017,Sierra Leone,Freetown,Western,Residential, $911.76 , $-   
9/18/2017,Central African Republic,Bangui,Middle,Commercial, $973.93 , $19.48 
9/18/2017,Equatorial Guinea,Malabo,Middle,Commercial, $420.68 , $4.21 
9/20/2017,Niger,Niamey,Western,Public, $327.81 , $16.39 
9/21/2017,Burkina Faso,Ouagadougou,Western,Commercial, $745.22 , $-29.81 
9/21/2017,United Republic of Tanzania,Dar es Salaam,Eastern,Public, $196.25 , $-15.70 
9/22/2017,Mali,Bamako,Western,Residential, $401.71 , $-32.14 
9/25/2017,Nigeria,Kano,Western,Public, $717.72 , $-35.89 
9/26/2017,Nigeria,Ibadan,Western,Commercial, $365.58 , $-29.25 
9/26/2017,South Africa,Durban,Southern,Public, $621.63 , $62.16 
9/27/2017,Lesotho,Maseru,Southern,Public, $607.46 , $24.30 
9/28/2017,Djibouti,Djibouti,Eastern,Residential, $613.10 , $36.79 
9/28/2017,Zambia,Lusaka,Eastern,Residential, $627.11 , $37.63 
10/2/2017,South Sudan,Juba,Eastern,Residential, $372.63 , $-22.36 
10/3/2017,Eritrea,Asmara,Eastern,Residential, $155.37 , $-1.55 
10/4/2017,Mauritius,Port Louis,Eastern,Public, $223.29 , $11.16 
10/5/2017,Cameroon,Yaoundé,Middle,Residential, $466.81 , $-23.34 
10/6/2017,Burkina Faso,Ouagadougou,Western,Public, $488.98 , $-29.34 
10/8/2017,Burundi,Bujumbura,Eastern,Public, $81.63 , $0.82 
10/9/2017,Ethiopia,Addis Ababa,Eastern,Public, $386.59 , $-23.20 
10/11/2017,Congo,Brazzaville,Middle,Commercial, $483.35 , $-33.83 
10/12/2017,Botswana,Gaborone,Southern,Residential, $114.52 , $-3.44 
10/16/2017,Chad,N'Djamena,Middle,Commercial, $704.01 , $28.16 
10/18/2017,United Republic of Tanzania,Dar es Salaam,Eastern,Public, $434.34 , $34.75 
10/21/2017,Nigeria,Abuja,Western,Residential, $473.33 , $28.40 
10/22/2017,Guinea-Bissau,Bissau,Western,Public, $812.02 , $40.60 
10/23/2017,Togo,Lome,Western,Commercial, $885.66 , $-70.85 
10/28/2017,Madagascar,Antananarivo,Eastern,Residential, $947.92 , $37.92 
11/3/2017,Kenya,Nairobi,Eastern,Public, $341.57 , $-10.25 
11/5/2017,Sudan,Khartoum,Northern,Commercial, $541.59 , $43.33 
11/10/2017,Guinea,Conakry,Western,Commercial, $291.86 , $-17.51 
11/13/2017,Ghana,Accra,Western,Public, $831.92 , $49.92 
11/14/2017,Ghana,Kumasi,Western,Residential, $900.53 , $-72.04 
11/17/2017,Algeria,Algiers,Northern,Commercial, $852.33 , $-34.09 
11/18/2017,Benin,Porto-Novo,Western,Commercial, $243.26 , $-9.73 
11/19/2017,South Africa,Johannesburg,Southern,Residential, $957.83 , $-76.63 
11/23/2017,Morocco,Rabat,Northern,Residential, $855.42 , $51.33 
11/24/2017,Malawi,Lilongwe,Eastern,Public, $159.38 , $-12.75 
12/3/2017,Libya,Tripoli,Northern,Residential, $823.82 , $16.48 
12/5/2017,Democratic Republic of the Congo,Mbuji-Mayi,Middle,Residential, $470.83 , $-14.12 
12/10/2017,Uganda,Kampala,Eastern,Commercial, $284.57 , $2.85 
12/15/2017,Western Sahara,Dakhla,Northern,Commercial, $601.87 , $60.19 
12/20/2017,Democratic Republic of the Congo,Lubumbashi,Middle,Commercial, $788.25 , $39.41 
12/20/2017,South Africa,Cape Town,Southern,Residential, $819.25 , $24.58 
12/21/2017,Zimbabwe,Harare,Eastern,Commercial, $231.41 , $-4.63 
12/26/2017,Nigeria,Kano,Western,Public, $572.13 , $17.16 
12/27/2017,Benin,Cotonou,Western,Commercial, $431.00 , $-21.55 
12/27/2017,Mozambique,Maputo,Eastern,Public, $183.56 , $-7.34 
1/1/2018,Uganda,Kampala,Eastern,Public, $202.35 , $14.16 
1/2/2018,Burkina Faso,Ouagadougou,Western,Commercial, $953.96 , $28.62 
1/2/2018,Democratic Republic of the Congo,Mbuji-Mayi,Middle,Commercial, $112.21 , $-8.98 
1/3/2018,Madagascar,Antananarivo,Eastern,Public, $893.28 , $-71.46 
1/3/2018,Mali,Bamako,Western,Commercial, $305.74 , $-9.17 
1/3/2018,Nigeria,Kano,Western,Public, $44.75 , $4.03 
1/4/2018,Liberia,Monrovia,Western,Residential, $634.05 , $-50.72 
1/5/2018,Algeria,Algiers,Northern,Commercial, $694.60 , $55.57 
1/6/2018,Nigeria,Abuja,Western,Commercial, $515.69 , $-20.63 
1/7/2018,Morocco,Rabat,Northern,Public, $301.61 , $30.16 
1/7/2018,Tunisia,Tunis,Northern,Commercial, $403.54 , $36.32 
1/8/2018,Malawi,Lilongwe,Eastern,Residential, $794.58 , $23.84 
1/8/2018,Sierra Leone,Freetown,Western,Commercial, $436.28 , $17.45 
1/8/2018,South Africa,Cape Town,Southern,Residential, $853.09 , $17.06 
1/8/2018,South Africa,Pretoria,Southern,Residential, $742.07 , $66.79 
1/9/2018,Benin,Cotonou,Western,Public, $628.33 , $56.55 
1/9/2018,Djibouti,Djibouti,Eastern,Residential, $52.48 , $1.05 
1/9/2018,Lesotho,Maseru,Southern,Commercial, $711.29 , $56.90 
1/9/2018,Malawi,Blantyre,Eastern,Commercial, $563.74 , $22.55 
1/11/2018,Eritrea,Asmara,Eastern,Commercial, $980.35 , $88.23 
1/11/2018,Gabon,Libreville,Middle,Residential, $651.85 , $13.04 
1/12/2018,Angola,Luanda,Middle,Commercial, $46.15 , $-3.23 
1/13/2018,Burundi,Bujumbura,Eastern,Residential, $349.79 , $-27.98 
1/13/2018,Cote d'Ivoire,Abidjan,Western,Public, $87.93 , $5.28 
1/13/2018,Sao Tome and Principe,Sao Tome,Middle,Residential, $386.89 , $-19.34 
1/14/2018,Cote d'Ivoire,Yamoussoukro,Western,Commercial, $894.21 , $-71.54 
1/14/2018,Mauritius,Port Louis,Eastern,Commercial, $352.89 , $31.76 
1/14/2018,Sudan,Khartoum,Northern,Residential, $694.54 , $6.95 
1/15/2018,Congo,Brazzaville,Middle,Commercial, $744.63 , $-14.89 
1/15/2018,Libya,Tripoli,Northern,Residential, $740.66 , $74.07 
1/15/2018,Mozambique,Maputo,Eastern,Public, $717.16 , $-7.17 
1/15/2018,Senegal,Dakar,Western,Public, $890.82 , $-71.27 
1/15/2018,Swaziland,Mbabane,Southern,Residential, $971.11 , $67.98 
1/16/2018,Chad,N'Djamena,Middle,Commercial, $668.57 , $-   
1/16/2018,Ethiopia,Addis Ababa,Eastern,Commercial, $932.04 , $74.56 
1/16/2018,Niger,Niamey,Western,Commercial, $966.64 , $-19.33 
1/16/2018,Rwanda,Kigali,Eastern,Residential, $684.43 , $-41.07 
1/16/2018,Zambia,Lusaka,Eastern,Commercial, $371.36 , $-29.71 
1/17/2018,Central African Republic,Bangui,Middle,Public, $669.90 , $33.50 
1/17/2018,Ghana,Accra,Western,Commercial, $826.48 , $-8.26 
1/18/2018,Benin,Porto-Novo,Western,Residential, $343.36 , $27.47 
1/18/2018,Cameroon,Yaoundé,Middle,Public, $523.18 , $-10.46 
1/18/2018,Equatorial Guinea,Malabo,Middle,Commercial, $32.98 , $-2.64 
1/18/2018,Kenya,Nairobi,Eastern,Public, $34.43 , $-1.38 
1/18/2018,Sudan,Khartoum,Northern,Residential, $363.10 , $29.05 
1/19/2018,Guinea,Conakry,Western,Commercial, $270.56 , $-10.82 
1/19/2018,Namibia,Windhoek,Southern,Commercial, $84.09 , $-2.52 
1/19/2018,Togo,Lome,Western,Commercial, $114.71 , $-2.29 
1/20/2018,Democratic Republic of the Congo,Lubumbashi,Middle,Public, $115.00 , $1.15 
1/21/2018,Ghana,Kumasi,Western,Commercial, $102.10 , $-5.11 
1/21/2018,United Republic of Tanzania,Dar es Salaam,Eastern,Commercial, $575.53 , $-   
1/22/2018,Egypt,Cairo,Northern,Public, $120.75 , $1.21 
1/22/2018,South Africa,Durban,Southern,Commercial, $959.33 , $-47.97 
1/22/2018,Zimbabwe,Harare,Eastern,Public, $337.98 , $13.52 
1/23/2018,Botswana,Gaborone,Southern,Residential, $498.16 , $34.87 
1/23/2018,Nigeria,Lagos,Western,Residential, $213.25 , $-14.93 
1/23/2018,Seychelles,Victoria,Eastern,Public, $165.84 , $-1.66 
1/24/2018,South Africa,Johannesburg,Southern,Commercial, $402.33 , $40.23 
1/24/2018,South Sudan,Juba,Eastern,Residential, $771.70 , $30.87 
1/25/2018,Somalia,Mogadishu,Eastern,Commercial, $328.62 , $32.86 
1/26/2018,Cameroon,Douala,Middle,Commercial, $18.45 , $-0.37 
1/27/2018,Democratic Republic of the Congo,Kinshasa,Middle,Residential, $750.42 , $-   
1/27/2018,Guinea-Bissau,Bissau,Western,Public, $311.31 , $-   
1/28/2018,Mauritania,Nouakchott,Western,Residential, $702.51 , $21.08 
1/28/2018,Nigeria,Ibadan,Western,Commercial, $7.23 , $0.72 
1/28/2018,Western Sahara,Dakhla,Northern,Commercial, $623.24 , $-43.63 
2/4/2018,Burkina Faso,Ouagadougou,Western,Residential, $960.39 , $-76.83 
2/4/2018,Congo,Brazzaville,Middle,Commercial, $277.93 , $8.34 
2/7/2018,Benin,Cotonou,Western,Commercial, $435.40 , $39.19 
2/8/2018,Nigeria,Ibadan,Western,Commercial, $732.29 , $65.91 
2/8/2018,United Republic of Tanzania,Dar es Salaam,Eastern,Commercial, $1.14 , $0.06 
2/9/2018,Cameroon,Douala,Middle,Public, $213.92 , $-4.28 
2/9/2018,Malawi,Blantyre,Eastern,Commercial, $531.53 , $53.15 
2/12/2018,Tunisia,Tunis,Northern,Residential, $423.89 , $38.15 
2/13/2018,Kenya,Nairobi,Eastern,Residential, $391.21 , $-23.47 
2/21/2018,Cameroon,Yaoundé,Middle,Commercial, $168.89 , $-3.38 
2/22/2018,Eritrea,Asmara,Eastern,Commercial, $150.97 , $-6.04 
2/23/2018,Sudan,Khartoum,Northern,Commercial, $838.72 , $50.32 
2/24/2018,Ghana,Accra,Western,Residential, $539.14 , $-26.96 
3/1/2018,Sierra Leone,Freetown,Western,Commercial, $651.64 , $58.65 
3/1/2018,South Africa,Cape Town,Southern,Commercial, $767.05 , $46.02 
3/5/2018,South Africa,Durban,Southern,Commercial, $294.77 , $11.79 
3/6/2018,Algeria,Algiers,Northern,Commercial, $49.05 , $-2.94 
3/6/2018,Botswana,Gaborone,Southern,Residential, $885.21 , $35.41 
3/7/2018,Mauritania,Nouakchott,Western,Commercial, $320.12 , $-3.20 
3/8/2018,Guinea,Conakry,Western,Commercial, $412.85 , $-28.90 
3/10/2018,Djibouti,Djibouti,Eastern,Residential, $369.62 , $-7.39 
3/10/2018,Seychelles,Victoria,Eastern,Commercial, $654.76 , $6.55 
3/12/2018,Chad,N'Djamena,Middle,Public, $208.32 , $4.17 
3/15/2018,Togo,Lome,Western,Residential, $283.56 , $22.68 
3/18/2018,Swaziland,Mbabane,Southern,Public, $457.57 , $41.18 
3/19/2018,Nigeria,Kano,Western,Public, $90.67 , $1.81 
3/19/2018,Rwanda,Kigali,Eastern,Residential, $648.37 , $-   
3/19/2018,Senegal,Dakar,Western,Commercial, $494.93 , $-34.65 
3/20/2018,South Africa,Pretoria,Southern,Residential, $446.16 , $44.62 
3/27/2018,Guinea-Bissau,Bissau,Western,Public, $579.46 , $5.79 
4/2/2018,Lesotho,Maseru,Southern,Public, $635.88 , $-50.87 
4/6/2018,Zambia,Lusaka,Eastern,Residential, $339.73 , $10.19 
4/8/2018,Somalia,Mogadishu,Eastern,Residential, $29.20 , $2.63 
4/9/2018,Uganda,Kampala,Eastern,Commercial, $239.40 , $-9.58 
4/10/2018,Gabon,Libreville,Middle,Residential, $183.00 , $16.47 
4/11/2018,Central African Republic,Bangui,Middle,Residential, $995.01 , $-59.70 
4/12/2018,Democratic Republic of the Congo,Lubumbashi,Middle,Residential, $34.82 , $3.13 
4/16/2018,Cote d'Ivoire,Yamoussoukro,Western,Residential, $362.31 , $25.36 
4/17/2018,Sudan,Khartoum,Northern,Public, $388.33 , $7.77 
4/19/2018,Egypt,Cairo,Northern,Residential, $371.52 , $-18.58 
4/19/2018,Equatorial Guinea,Malabo,Middle,Public, $301.10 , $9.03 
4/19/2018,Nigeria,Abuja,Western,Public, $819.48 , $-16.39 
4/24/2018,Democratic Republic of the Congo,Mbuji-Mayi,Middle,Commercial, $736.06 , $44.16 
4/25/2018,Western Sahara,Dakhla,Northern,Commercial, $440.80 , $30.86 
4/28/2018,Ghana,Kumasi,Western,Residential, $783.41 , $23.50 
5/1/2018,Benin,Porto-Novo,Western,Public, $121.87 , $-9.75 
5/1/2018,Libya,Tripoli,Northern,Public, $389.55 , $7.79 
5/5/2018,Cote d'Ivoire,Abidjan,Western,Commercial, $237.28 , $-2.37 
5/6/2018,Malawi,Lilongwe,Eastern,Residential, $972.34 , $19.45 
5/8/2018,South Africa,Johannesburg,Southern,Residential, $935.72 , $65.50 
5/8/2018,South Sudan,Juba,Eastern,Residential, $545.16 , $32.71 
5/10/2018,Chad,N'Djamena,Middle,Residential, $432.43 , $30.27 
5/14/2018,Liberia,Monrovia,Western,Residential, $236.50 , $-18.92 
5/14/2018,South Sudan,Juba,Eastern,Residential, $567.30 , $39.71 
5/14/2018,Zambia,Lusaka,Eastern,Residential, $784.66 , $-54.93 
5/15/2018,Benin,Cotonou,Western,Commercial, $314.20 , $3.14 
5/15/2018,Burundi,Bujumbura,Eastern,Residential, $472.26 , $9.45 
5/15/2018,Mali,Bamako,Western,Residential, $265.44 , $15.93 
5/15/2018,Nigeria,Lagos,Western,Public, $356.19 , $24.93 
5/17/2018,Sudan,Khartoum,Northern,Public, $566.80 , $-45.34 
5/18/2018,Senegal,Dakar,Western,Commercial, $101.35 , $1.01 
5/18/2018,Swaziland,Mbabane,Southern,Public, $989.02 , $89.01 
5/19/2018,Angola,Luanda,Middle,Commercial, $691.80 , $-20.75 
5/19/2018,Mozambique,Maputo,Eastern,Public, $582.09 , $34.93 
5/20/2018,Democratic Republic of the Congo,Kinshasa,Middle,Residential, $18.24 , $-0.36 
5/23/2018,Mauritius,Port Louis,Eastern,Residential, $442.97 , $44.30 
5/24/2018,South Africa,Durban,Southern,Residential, $563.87 , $56.39 
5/28/2018,Egypt,Cairo,Northern,Residential, $382.78 , $34.45 
5/28/2018,Lesotho,Maseru,Southern,Residential, $122.51 , $-7.35 
6/4/2018,Madagascar,Antananarivo,Eastern,Residential, $247.00 , $4.94 
6/7/2018,Benin,Porto-Novo,Western,Commercial, $922.70 , $-36.91 
6/9/2018,Niger,Niamey,Western,Residential, $512.06 , $46.09 
6/10/2018,Burkina Faso,Ouagadougou,Western,Public, $994.43 , $9.94 
6/10/2018,South Africa,Johannesburg,Southern,Residential, $833.14 , $-33.33 
6/11/2018,Morocco,Rabat,Northern,Public, $115.90 , $4.64 
6/11/2018,Namibia,Windhoek,Southern,Public, $388.75 , $-23.33 
6/11/2018,Nigeria,Lagos,Western,Public, $608.26 , $-36.50 
6/12/2018,Democratic Republic of the Congo,Kinshasa,Middle,Residential, $946.53 , $85.19 
6/14/2018,Angola,Luanda,Middle,Public, $51.41 , $0.51 
6/14/2018,Malawi,Lilongwe,Eastern,Residential, $490.32 , $-34.32 
6/14/2018,South Africa,Pretoria,Southern,Commercial, $439.53 , $30.77 
6/15/2018,Cote d'Ivoire,Abidjan,Western,Commercial, $884.13 , $-70.73 
6/16/2018,Ethiopia,Addis Ababa,Eastern,Commercial, $386.49 , $27.05 
6/18/2018,Rwanda,Kigali,Eastern,Public, $646.27 , $45.24 
6/19/2018,Ethiopia,Addis Ababa,Eastern,Commercial, $481.26 , $38.50 
6/22/2018,Djibouti,Djibouti,Eastern,Residential, $688.39 , $-20.65 
6/22/2018,Madagascar,Antananarivo,Eastern,Residential, $677.49 , $33.87 
6/22/2018,Morocco,Rabat,Northern,Public, $65.69 , $4.60 
6/23/2018,Namibia,Windhoek,Southern,Public, $400.51 , $-4.01 
6/25/2018,Botswana,Gaborone,Southern,Public, $430.46 , $25.83 
6/25/2018,Democratic Republic of the Congo,Mbuji-Mayi,Middle,Residential, $175.92 , $-3.52 
6/26/2018,Libya,Tripoli,Northern,Public, $591.32 , $17.74 
6/26/2018,Sao Tome and Principe,Sao Tome,Middle,Residential, $116.72 , $9.34 
6/26/2018,Sao Tome and Principe,Sao Tome,Middle,Commercial, $344.00 , $10.32 
6/27/2018,Zimbabwe,Harare,Eastern,Commercial, $976.54 , $58.59 
6/28/2018,Congo,Brazzaville,Middle,Residential, $983.19 , $78.66 
7/3/2018,Algeria,Algiers,Northern,Commercial, $422.63 , $16.91 
7/5/2018,Nigeria,Ibadan,Western,Public, $922.03 , $27.66 
7/9/2018,Democratic Republic of the Congo,Lubumbashi,Middle,Commercial, $697.67 , $-13.95 
7/13/2018,Niger,Niamey,Western,Residential, $471.58 , $-23.58 
7/16/2018,Sudan,Khartoum,Northern,Commercial, $691.44 , $-41.49 
7/19/2018,Liberia,Monrovia,Western,Residential, $50.48 , $-4.04 
7/20/2018,Central African Republic,Bangui,Middle,Residential, $218.69 , $-2.19 
7/21/2018,South Africa,Cape Town,Southern,Public, $462.64 , $4.63 
7/24/2018,Guinea-Bissau,Bissau,Western,Commercial, $861.50 , $60.31 
7/24/2018,Mauritania,Nouakchott,Western,Public, $347.85 , $-13.91 
7/27/2018,Tunisia,Tunis,Northern,Residential, $628.53 , $37.71 
8/2/2018,Namibia,Windhoek,Southern,Residential, $234.66 , $-   
8/4/2018,Mauritius,Port Louis,Eastern,Commercial, $153.13 , $-10.72 
8/6/2018,Mauritania,Nouakchott,Western,Commercial, $741.03 , $66.69 
8/7/2018,Equatorial Guinea,Malabo,Middle,Public, $966.99 , $-19.34 
8/7/2018,Togo,Lome,Western,Residential, $10.76 , $0.54 
8/8/2018,Malawi,Blantyre,Eastern,Commercial, $818.95 , $8.19 
8/10/2018,Malawi,Lilongwe,Eastern,Public, $753.87 , $-37.69 
8/11/2018,Mali,Bamako,Western,Residential, $679.85 , $33.99 
8/13/2018,Uganda,Kampala,Eastern,Residential, $634.20 , $-44.39 
8/14/2018,Nigeria,Kano,Western,Commercial, $56.22 , $1.12 
8/15/2018,Guinea-Bissau,Bissau,Western,Public, $285.13 , $8.55 
8/16/2018,Cameroon,Douala,Middle,Residential, $542.43 , $-43.39 
8/17/2018,South Africa,Durban,Southern,Public, $857.70 , $-42.89 
8/18/2018,Malawi,Blantyre,Eastern,Commercial, $511.15 , $51.12 
8/19/2018,United Republic of Tanzania,Dar es Salaam,Eastern,Public, $437.73 , $-30.64 
8/20/2018,Kenya,Nairobi,Eastern,Public, $768.89 , $-23.07 
8/22/2018,Mozambique,Maputo,Eastern,Public, $438.03 , $-4.38 
8/23/2018,Mauritius,Port Louis,Eastern,Commercial, $202.08 , $6.06 
8/24/2018,Ghana,Accra,Western,Public, $117.71 , $9.42 
8/24/2018,Western Sahara,Dakhla,Northern,Commercial, $759.99 , $53.20 
8/25/2018,Cameroon,Yaoundé,Middle,Public, $32.15 , $2.57 
8/28/2018,Central African Republic,Bangui,Middle,Residential, $384.00 , $11.52 
9/3/2018,Nigeria,Abuja,Western,Residential, $992.39 , $39.70 
9/4/2018,Ghana,Accra,Western,Public, $896.19 , $89.62 
9/4/2018,Mali,Bamako,Western,Residential, $211.55 , $14.81 
9/6/2018,Cameroon,Douala,Middle,Public, $951.40 , $-28.54 
9/11/2018,Rwanda,Kigali,Eastern,Public, $435.41 , $4.35 
9/12/2018,Democratic Republic of the Congo,Lubumbashi,Middle,Public, $997.23 , $49.86 
9/13/2018,Equatorial Guinea,Malabo,Middle,Residential, $383.70 , $23.02 
9/13/2018,Eritrea,Asmara,Eastern,Commercial, $829.05 , $8.29 
9/15/2018,Lesotho,Maseru,Southern,Commercial, $401.94 , $-8.04 
9/16/2018,Burundi,Bujumbura,Eastern,Public, $757.23 , $-   
9/17/2018,Swaziland,Mbabane,Southern,Residential, $322.41 , $29.02 
9/18/2018,Djibouti,Djibouti,Eastern,Residential, $818.68 , $40.93 
9/20/2018,Cote d'Ivoire,Abidjan,Western,Residential, $263.10 , $5.26 
9/21/2018,Egypt,Cairo,Northern,Residential, $654.41 , $32.72 
9/21/2018,Sierra Leone,Freetown,Western,Commercial, $345.05 , $-17.25 
9/21/2018,Zimbabwe,Harare,Eastern,Commercial, $758.17 , $-53.07 
9/22/2018,Benin,Porto-Novo,Western,Public, $152.03 , $9.12 
9/22/2018,Cote d'Ivoire,Yamoussoukro,Western,Commercial, $701.13 , $63.10 
9/22/2018,Libya,Tripoli,Northern,Public, $183.31 , $12.83 
9/22/2018,Seychelles,Victoria,Eastern,Public, $94.94 , $-3.80 
9/23/2018,Somalia,Mogadishu,Eastern,Residential, $515.86 , $36.11 
9/23/2018,Zambia,Lusaka,Eastern,Residential, $226.85 , $18.15 
9/24/2018,Sudan,Khartoum,Northern,Public, $657.03 , $6.57 
9/25/2018,Ghana,Kumasi,Western,Residential, $382.61 , $-   
9/26/2018,Benin,Cotonou,Western,Commercial, $506.77 , $-40.54 
9/26/2018,Guinea,Conakry,Western,Residential, $197.63 , $1.98 
9/26/2018,Seychelles,Victoria,Eastern,Commercial, $447.46 , $-31.32 
9/26/2018,Somalia,Mogadishu,Eastern,Public, $947.20 , $47.36 
9/28/2018,Gabon,Libreville,Middle,Residential, $53.37 , $-4.27 
9/28/2018,South Africa,Cape Town,Southern,Public, $981.73 , $39.27 
10/2/2018,Western Sahara,Dakhla,Northern,Residential, $216.43 , $-10.82 
10/3/2018,Kenya,Nairobi,Eastern,Public, $606.12 , $24.24 
10/6/2018,Sao Tome and Principe,Sao Tome,Middle,Residential, $973.62 , $-   
10/11/2018,Chad,N'Djamena,Middle,Public, $895.52 , $17.91 
10/15/2018,Mozambique,Maputo,Eastern,Commercial, $393.33 , $35.40 
10/19/2018,Burundi,Bujumbura,Eastern,Residential, $644.43 , $-6.44 
10/19/2018,Ethiopia,Addis Ababa,Eastern,Public, $751.02 , $-15.02 
10/20/2018,South Sudan,Juba,Eastern,Residential, $330.27 , $26.42 
10/22/2018,Uganda,Kampala,Eastern,Residential, $696.60 , $69.66 
10/27/2018,Cameroon,Yaoundé,Middle,Public, $549.16 , $27.46 
10/28/2018,Algeria,Algiers,Northern,Public, $902.45 , $-9.02 
11/2/2018,Democratic Republic of the Congo,Kinshasa,Middle,Public, $895.19 , $-53.71 
11/3/2018,Nigeria,Ibadan,Western,Commercial, $481.11 , $24.06 
11/4/2018,Nigeria,Kano,Western,Residential, $66.13 , $-0.66 
11/5/2018,Botswana,Gaborone,Southern,Public, $197.18 , $-5.92 
11/5/2018,Madagascar,Antananarivo,Eastern,Public, $859.08 , $-25.77 
11/7/2018,Liberia,Monrovia,Western,Public, $778.49 , $54.49 
11/7/2018,Zimbabwe,Harare,Eastern,Public, $641.50 , $-12.83 
11/8/2018,Sierra Leone,Freetown,Western,Residential, $364.23 , $-   
11/10/2018,Niger,Niamey,Western,Commercial, $958.90 , $-38.36 
11/11/2018,Cote d'Ivoire,Yamoussoukro,Western,Commercial, $294.18 , $-23.53 
11/14/2018,Democratic Republic of the Congo,Mbuji-Mayi,Middle,Public, $698.31 , $-13.97 
11/15/2018,Gabon,Libreville,Middle,Residential, $692.57 , $-   
11/16/2018,Sudan,Khartoum,Northern,Residential, $984.51 , $29.54 
11/20/2018,Angola,Luanda,Middle,Public, $573.24 , $-40.13 
11/21/2018,Senegal,Dakar,Western,Commercial, $699.02 , $-20.97 
11/23/2018,Congo,Brazzaville,Middle,Public, $59.11 , $4.73 
11/23/2018,South Africa,Johannesburg,Southern,Residential, $406.44 , $28.45 
11/23/2018,Tunisia,Tunis,Northern,Residential, $253.34 , $10.13 
11/26/2018,Burkina Faso,Ouagadougou,Western,Public, $608.71 , $60.87 
11/26/2018,Eritrea,Asmara,Eastern,Residential, $699.51 , $-7.00 
11/26/2018,Togo,Lome,Western,Commercial, $175.47 , $-   
11/27/2018,Guinea,Conakry,Western,Commercial, $371.08 , $-3.71 
12/3/2018,South Africa,Pretoria,Southern,Commercial, $695.93 , $20.88 
12/4/2018,Nigeria,Abuja,Western,Public, $66.06 , $0.66 
12/8/2018,Ghana,Kumasi,Western,Commercial, $432.15 , $43.22 
12/21/2018,United Republic of Tanzania,Dar es Salaam,Eastern,Public, $70.25 , $5.62 
12/25/2018,Nigeria,Lagos,Western,Public, $646.36 , $-51.71 
12/27/2018,Morocco,Rabat,Northern,Commercial, $43.55 , $2.61 
1/1/2019,Angola,Luanda,Middle,Commercial, $421.39 , $-25.28 
1/1/2019,Cameroon,Douala,Middle,Public, $215.26 , $8.61 
1/2/2019,Botswana,Gaborone,Southern,Commercial, $471.08 , $-   
1/2/2019,Egypt,Cairo,Northern,Public, $435.44 , $21.77 
1/2/2019,Equatorial Guinea,Malabo,Middle,Residential, $207.77 , $6.23 
1/2/2019,Mali,Bamako,Western,Residential, $242.66 , $19.41 
1/3/2019,Mozambique,Maputo,Eastern,Residential, $549.94 , $38.50 
1/3/2019,Zimbabwe,Harare,Eastern,Residential, $438.85 , $26.33 
1/4/2019,Malawi,Lilongwe,Eastern,Commercial, $538.35 , $-   
1/4/2019,Mauritius,Port Louis,Eastern,Public, $444.48 , $13.33 
1/5/2019,Guinea-Bissau,Bissau,Western,Commercial, $119.64 , $10.77 
1/5/2019,Sao Tome and Principe,Sao Tome,Middle,Public, $246.07 , $-7.38 
1/5/2019,Sierra Leone,Freetown,Western,Public, $490.82 , $-4.91 
1/6/2019,Swaziland,Mbabane,Southern,Residential, $276.93 , $13.85 
1/7/2019,Democratic Republic of the Congo,Lubumbashi,Middle,Commercial, $801.68 , $72.15 
1/8/2019,Burkina Faso,Ouagadougou,Western,Public, $685.99 , $27.44 
1/8/2019,Liberia,Monrovia,Western,Commercial, $65.35 , $-1.31 
1/8/2019,Seychelles,Victoria,Eastern,Commercial, $793.93 , $-63.51 
1/8/2019,South Africa,Johannesburg,Southern,Residential, $664.97 , $-39.90 
1/8/2019,Sudan,Khartoum,Northern,Residential, $982.34 , $39.29 
1/9/2019,Congo,Brazzaville,Middle,Commercial, $850.34 , $85.03 
1/9/2019,Djibouti,Djibouti,Eastern,Public, $833.21 , $16.66 
1/9/2019,Malawi,Blantyre,Eastern,Residential, $74.76 , $-5.98 
1/10/2019,Gabon,Libreville,Middle,Public, $46.01 , $4.60 
1/10/2019,Ghana,Kumasi,Western,Public, $992.12 , $19.84 
1/10/2019,Nigeria,Kano,Western,Public, $364.23 , $21.85 
1/11/2019,Madagascar,Antananarivo,Eastern,Public, $134.01 , $5.36 
1/12/2019,Burundi,Bujumbura,Eastern,Commercial, $118.96 , $-2.38 
1/12/2019,Namibia,Windhoek,Southern,Commercial, $927.03 , $46.35 
1/12/2019,Zambia,Lusaka,Eastern,Public, $182.10 , $-1.82 
1/13/2019,Central African Republic,Bangui,Middle,Residential, $743.90 , $52.07 
1/13/2019,South Sudan,Juba,Eastern,Commercial, $619.94 , $-49.60 
1/13/2019,Tunisia,Tunis,Northern,Public, $272.94 , $27.29 
1/14/2019,Algeria,Algiers,Northern,Commercial, $477.01 , $-4.77 
1/14/2019,Democratic Republic of the Congo,Mbuji-Mayi,Middle,Public, $897.40 , $89.74 
1/15/2019,Lesotho,Maseru,Southern,Residential, $264.40 , $23.80 
1/15/2019,Rwanda,Kigali,Eastern,Residential, $543.44 , $32.61 
1/16/2019,Eritrea,Asmara,Eastern,Commercial, $506.01 , $50.60 
1/16/2019,Nigeria,Ibadan,Western,Commercial, $113.28 , $-9.06 
1/16/2019,Western Sahara,Dakhla,Northern,Residential, $388.17 , $19.41 
1/17/2019,Kenya,Nairobi,Eastern,Public, $344.77 , $-13.79 
1/18/2019,Ghana,Accra,Western,Public, $797.00 , $79.70 
1/18/2019,Mauritania,Nouakchott,Western,Residential, $308.86 , $-15.44 
1/20/2019,Libya,Tripoli,Northern,Commercial, $492.08 , $-29.52 
1/21/2019,Democratic Republic of the Congo,Kinshasa,Middle,Residential, $98.66 , $2.96 
1/21/2019,Ethiopia,Addis Ababa,Eastern,Residential, $447.81 , $4.48 
1/21/2019,Nigeria,Lagos,Western,Public, $309.47 , $-9.28 
1/21/2019,Senegal,Dakar,Western,Public, $153.18 , $13.79 
1/22/2019,Benin,Cotonou,Western,Commercial, $400.69 , $36.06 
1/22/2019,Cote d'Ivoire,Abidjan,Western,Commercial, $783.96 , $-15.68 
1/22/2019,Cote d'Ivoire,Yamoussoukro,Western,Public, $961.40 , $-67.30 
1/22/2019,Morocco,Rabat,Northern,Commercial, $101.49 , $8.12 
1/22/2019,Togo,Lome,Western,Residential, $366.52 , $36.65 
1/23/2019,Benin,Porto-Novo,Western,Commercial, $285.96 , $8.58 
1/23/2019,Nigeria,Abuja,Western,Public, $357.36 , $-7.15 
1/23/2019,Uganda,Kampala,Eastern,Public, $455.30 , $-18.21 
1/23/2019,United Republic of Tanzania,Dar es Salaam,Eastern,Commercial, $661.42 , $6.61 
1/25/2019,Guinea,Conakry,Western,Public, $784.48 , $-39.22 
1/25/2019,Niger,Niamey,Western,Public, $815.71 , $-32.63 
1/25/2019,South Africa,Durban,Southern,Residential, $162.00 , $9.72 
1/26/2019,Cameroon,Yaoundé,Middle,Public, $984.72 , $78.78 
1/26/2019,Chad,N'Djamena,Middle,Residential, $112.67 , $-4.51 
1/26/2019,South Africa,Pretoria,Southern,Commercial, $621.79 , $18.65 
1/27/2019,Sudan,Khartoum,Northern,Public, $209.66 , $14.68 
1/28/2019,Somalia,Mogadishu,Eastern,Commercial, $985.13 , $59.11 
1/28/2019,South Africa,Cape Town,Southern,Residential, $90.93 , $-5.46 
2/3/2019,Malawi,Blantyre,Eastern,Commercial, $420.39 , $-25.22 
2/5/2019,Tunisia,Tunis,Northern,Public, $22.19 , $-0.67 
2/6/2019,South Africa,Johannesburg,Southern,Commercial, $313.10 , $25.05 
2/7/2019,Togo,Lome,Western,Residential, $354.50 , $3.55 
2/10/2019,Algeria,Algiers,Northern,Residential, $120.45 , $-   
2/13/2019,Eritrea,Asmara,Eastern,Public, $326.44 , $26.12 
2/14/2019,Ethiopia,Addis Ababa,Eastern,Commercial, $151.23 , $-12.10 
2/16/2019,Mauritania,Nouakchott,Western,Public, $630.95 , $6.31 
2/16/2019,Nigeria,Ibadan,Western,Commercial, $450.53 , $-36.04 
2/17/2019,Libya,Tripoli,Northern,Commercial, $139.11 , $5.56 
2/18/2019,Zimbabwe,Harare,Eastern,Public, $574.87 , $-   
2/19/2019,Uganda,Kampala,Eastern,Residential, $608.24 , $24.33 
2/23/2019,Seychelles,Victoria,Eastern,Residential, $680.76 , $-34.04 
3/1/2019,South Sudan,Juba,Eastern,Residential, $720.20 , $-21.61 
3/4/2019,Congo,Brazzaville,Middle,Residential, $641.22 , $-6.41 
3/8/2019,Democratic Republic of the Congo,Kinshasa,Middle,Commercial, $473.92 , $47.39 
3/9/2019,Madagascar,Antananarivo,Eastern,Public, $982.91 , $-9.83 
3/10/2019,Mali,Bamako,Western,Commercial, $840.90 , $-58.86 
3/12/2019,Liberia,Monrovia,Western,Public, $685.47 , $-47.98 
3/14/2019,Cameroon,Douala,Middle,Public, $75.02 , $-3.00 
3/15/2019,Niger,Niamey,Western,Public, $594.23 , $-11.88 
3/15/2019,South Africa,Pretoria,Southern,Residential, $976.20 , $-29.29 
3/17/2019,Ghana,Kumasi,Western,Commercial, $450.76 , $-18.03 
3/19/2019,Chad,N'Djamena,Middle,Public, $157.34 , $-6.29 
3/22/2019,Swaziland,Mbabane,Southern,Residential, $242.06 , $14.52 
3/27/2019,Burkina Faso,Ouagadougou,Western,Commercial, $684.08 , $6.84 
3/28/2019,Cote d'Ivoire,Yamoussoukro,Western,Commercial, $736.04 , $-51.52 
4/1/2019,Cameroon,Yaoundé,Middle,Commercial, $735.16 , $-22.05 
4/1/2019,Central African Republic,Bangui,Middle,Commercial, $595.08 , $5.95 
4/2/2019,Mozambique,Maputo,Eastern,Commercial, $994.49 , $-59.67 
4/4/2019,Djibouti,Djibouti,Eastern,Public, $607.80 , $-6.08 
4/10/2019,Mauritius,Port Louis,Eastern,Commercial, $387.66 , $-23.26 
4/12/2019,South Africa,Cape Town,Southern,Residential, $742.01 , $-22.26 
4/14/2019,Namibia,Windhoek,Southern,Residential, $999.08 , $19.98 
4/16/2019,Benin,Cotonou,Western,Commercial, $852.18 , $-25.57 
4/17/2019,Morocco,Rabat,Northern,Public, $567.89 , $22.72 
4/18/2019,Nigeria,Kano,Western,Residential, $270.48 , $2.70 
4/20/2019,South Africa,Durban,Southern,Commercial, $827.47 , $8.27 
4/22/2019,Egypt,Cairo,Northern,Commercial, $87.64 , $6.13 
4/22/2019,Somalia,Mogadishu,Eastern,Public, $680.68 , $-13.61 
4/24/2019,Lesotho,Maseru,Southern,Commercial, $716.33 , $35.82 
4/24/2019,Sao Tome and Principe,Sao Tome,Middle,Residential, $888.09 , $-62.17 
4/25/2019,Benin,Porto-Novo,Western,Residential, $21.32 , $0.64 
4/27/2019,Gabon,Libreville,Middle,Commercial, $677.66 , $-33.88 
5/1/2019,Morocco,Rabat,Northern,Public, $558.96 , $5.59 
5/1/2019,Sierra Leone,Freetown,Western,Commercial, $810.91 , $-32.44 
5/1/2019,Uganda,Kampala,Eastern,Commercial, $830.39 , $-41.52 
5/3/2019,Kenya,Nairobi,Eastern,Residential, $341.84 , $34.18 
5/4/2019,Cameroon,Douala,Middle,Public, $275.11 , $-11.00 
5/5/2019,Democratic Republic of the Congo,Mbuji-Mayi,Middle,Residential, $322.89 , $6.46 
5/5/2019,United Republic of Tanzania,Dar es Salaam,Eastern,Residential, $98.40 , $3.94 
5/5/2019,Zimbabwe,Harare,Eastern,Commercial, $954.50 , $-38.18 
5/7/2019,Guinea-Bissau,Bissau,Western,Public, $223.93 , $4.48 
5/9/2019,South Africa,Pretoria,Southern,Public, $771.25 , $-15.43 
5/10/2019,Gabon,Libreville,Middle,Commercial, $594.69 , $41.63 
5/10/2019,Namibia,Windhoek,Southern,Residential, $850.46 , $-59.53 
5/11/2019,Sudan,Khartoum,Northern,Public, $434.22 , $34.74 
5/12/2019,Ghana,Accra,Western,Residential, $792.14 , $-55.45 
5/13/2019,Western Sahara,Dakhla,Northern,Public, $440.26 , $13.21 
5/15/2019,Mauritania,Nouakchott,Western,Commercial, $356.89 , $-17.84 
5/18/2019,Sierra Leone,Freetown,Western,Commercial, $34.82 , $-0.70 
5/19/2019,Democratic Republic of the Congo,Lubumbashi,Middle,Public, $788.56 , $-7.89 
5/19/2019,Rwanda,Kigali,Eastern,Commercial, $744.47 , $7.44 
5/23/2019,Botswana,Gaborone,Southern,Public, $800.32 , $-48.02 
5/24/2019,Angola,Luanda,Middle,Public, $39.80 , $-3.18 
5/24/2019,Djibouti,Djibouti,Eastern,Public, $306.88 , $-24.55 
5/24/2019,Kenya,Nairobi,Eastern,Residential, $846.55 , $8.47 
5/27/2019,Burundi,Bujumbura,Eastern,Residential, $785.12 , $39.26 
5/28/2019,Ghana,Accra,Western,Commercial, $527.38 , $-26.37 
5/28/2019,Guinea,Conakry,Western,Public, $314.44 , $28.30 
6/3/2019,Guinea,Conakry,Western,Public, $949.91 , $-47.50 
6/3/2019,Mozambique,Maputo,Eastern,Public, $783.49 , $-   
6/3/2019,Senegal,Dakar,Western,Public, $252.82 , $22.75 
6/4/2019,Equatorial Guinea,Malabo,Middle,Commercial, $497.89 , $9.96 
6/5/2019,Democratic Republic of the Congo,Lubumbashi,Middle,Commercial, $119.01 , $2.38 
6/7/2019,Niger,Niamey,Western,Commercial, $389.73 , $-15.59 
6/9/2019,Cote d'Ivoire,Abidjan,Western,Public, $510.55 , $30.63 
6/10/2019,Democratic Republic of the Congo,Kinshasa,Middle,Residential, $678.29 , $-27.13 
6/10/2019,Sudan,Khartoum,Northern,Residential, $504.53 , $-   
6/11/2019,Guinea-Bissau,Bissau,Western,Commercial, $544.96 , $-16.35 
6/13/2019,Zambia,Lusaka,Eastern,Residential, $820.85 , $57.46 
6/17/2019,Egypt,Cairo,Northern,Commercial, $892.07 , $-26.76 
6/20/2019,Mauritius,Port Louis,Eastern,Public, $25.60 , $1.79 
6/20/2019,South Africa,Cape Town,Southern,Residential, $407.34 , $40.73 
6/21/2019,Sudan,Khartoum,Northern,Public, $211.45 , $-2.11 
6/22/2019,Rwanda,Kigali,Eastern,Commercial, $362.13 , $3.62 
6/23/2019,Nigeria,Abuja,Western,Residential, $860.98 , $43.05 
6/25/2019,Zambia,Lusaka,Eastern,Public, $933.98 , $37.36 
6/26/2019,Nigeria,Lagos,Western,Public, $528.27 , $-42.26 
6/27/2019,Chad,N'Djamena,Middle,Residential, $472.81 , $42.55 
6/27/2019,Malawi,Lilongwe,Eastern,Commercial, $317.87 , $31.79 
6/28/2019,Liberia,Monrovia,Western,Commercial, $515.28 , $-10.31 
6/28/2019,Nigeria,Ibadan,Western,Public, $2.69 , $-0.22 
7/1/2019,Democratic Republic of the Congo,Mbuji-Mayi,Middle,Commercial, $475.20 , $-23.76 
7/8/2019,Equatorial Guinea,Malabo,Middle,Residential, $649.16 , $32.46 
7/14/2019,Cote d'Ivoire,Abidjan,Western,Public, $54.12 , $4.33 
7/21/2019,Angola,Luanda,Middle,Commercial, $9.16 , $-0.09 
7/22/2019,Cameroon,Yaoundé,Middle,Commercial, $586.10 , $23.44 
7/22/2019,Nigeria,Abuja,Western,Public, $717.28 , $43.04 
7/22/2019,South Africa,Durban,Southern,Residential, $953.06 , $76.24 
7/25/2019,Lesotho,Maseru,Southern,Residential, $704.69 , $70.47 
7/26/2019,South Africa,Johannesburg,Southern,Residential, $808.04 , $-48.48 
7/27/2019,Burundi,Bujumbura,Eastern,Residential, $861.38 , $8.61 
7/28/2019,Central African Republic,Bangui,Middle,Public, $168.78 , $-10.13 
7/28/2019,Sao Tome and Principe,Sao Tome,Middle,Commercial, $898.29 , $53.90 
8/1/2019,Democratic Republic of the Congo,Kinshasa,Middle,Commercial, $91.24 , $-7.30 
8/2/2019,Ghana,Kumasi,Western,Residential, $220.89 , $-   
8/2/2019,Morocco,Rabat,Northern,Commercial, $150.54 , $-12.04 
8/3/2019,Congo,Brazzaville,Middle,Commercial, $146.09 , $11.69 
8/4/2019,Mali,Bamako,Western,Commercial, $77.85 , $-6.23 
8/7/2019,South Africa,Cape Town,Southern,Commercial, $263.38 , $-7.90 
8/7/2019,Tunisia,Tunis,Northern,Commercial, $511.56 , $-15.35 
8/8/2019,Sierra Leone,Freetown,Western,Public, $400.86 , $-4.01 
8/9/2019,Burkina Faso,Ouagadougou,Western,Public, $977.29 , $-58.64 
8/9/2019,Madagascar,Antananarivo,Eastern,Commercial, $946.35 , $85.17 
8/10/2019,Seychelles,Victoria,Eastern,Residential, $52.28 , $3.14 
8/10/2019,Swaziland,Mbabane,Southern,Residential, $401.44 , $-24.09 
8/10/2019,Western Sahara,Dakhla,Northern,Public, $74.45 , $-5.96 
8/11/2019,Cameroon,Yaoundé,Middle,Commercial, $840.76 , $-8.41 
8/11/2019,Togo,Lome,Western,Public, $875.44 , $-43.77 
8/13/2019,Benin,Porto-Novo,Western,Residential, $501.03 , $20.04 
8/13/2019,Cote d'Ivoire,Yamoussoukro,Western,Residential, $743.91 , $74.39 
8/14/2019,Kenya,Nairobi,Eastern,Commercial, $759.18 , $-15.18 
8/16/2019,Togo,Lome,Western,Commercial, $660.33 , $-19.81 
8/17/2019,Benin,Cotonou,Western,Residential, $518.90 , $36.32 
8/17/2019,Ethiopia,Addis Ababa,Eastern,Commercial, $624.27 , $49.94 
8/17/2019,Nigeria,Lagos,Western,Residential, $83.74 , $1.67 
8/17/2019,South Sudan,Juba,Eastern,Public, $142.90 , $2.86 
8/18/2019,Ghana,Kumasi,Western,Residential, $251.91 , $20.15 
8/18/2019,United Republic of Tanzania,Dar es Salaam,Eastern,Public, $846.06 , $59.22 
8/19/2019,Botswana,Gaborone,Southern,Residential, $93.74 , $1.87 
8/19/2019,Western Sahara,Dakhla,Northern,Residential, $759.65 , $15.19 
8/20/2019,Eritrea,Asmara,Eastern,Commercial, $126.30 , $2.53 
8/20/2019,Libya,Tripoli,Northern,Public, $434.16 , $17.37 
8/20/2019,Namibia,Windhoek,Southern,Residential, $88.06 , $7.93 
8/22/2019,Malawi,Lilongwe,Eastern,Public, $891.98 , $44.60 
8/22/2019,South Africa,Durban,Southern,Commercial, $521.94 , $-41.76 
8/23/2019,Sao Tome and Principe,Sao Tome,Middle,Commercial, $982.56 , $-68.78 
8/24/2019,Democratic Republic of the Congo,Lubumbashi,Middle,Commercial, $158.64 , $15.86 
8/25/2019,South Africa,Johannesburg,Southern,Commercial, $317.40 , $6.35 
8/27/2019,Nigeria,Kano,Western,Public, $51.79 , $0.52 
9/1/2019,Seychelles,Victoria,Eastern,Commercial, $439.66 , $-21.98 
9/3/2019,Angola,Luanda,Middle,Commercial, $693.91 , $34.70 
9/3/2019,Lesotho,Maseru,Southern,Commercial, $53.57 , $-4.29 
9/4/2019,Djibouti,Djibouti,Eastern,Residential, $952.85 , $-28.59 
9/5/2019,Sudan,Khartoum,Northern,Residential, $822.41 , $-32.90 
9/5/2019,Zimbabwe,Harare,Eastern,Commercial, $225.21 , $-6.76 
9/6/2019,Eritrea,Asmara,Eastern,Residential, $199.16 , $3.98 
9/7/2019,Somalia,Mogadishu,Eastern,Public, $118.60 , $-3.56 
9/7/2019,South Africa,Pretoria,Southern,Commercial, $503.52 , $-20.14 
9/10/2019,Benin,Cotonou,Western,Residential, $853.01 , $34.12 
9/12/2019,Cameroon,Douala,Middle,Residential, $977.32 , $58.64 
9/12/2019,Nigeria,Ibadan,Western,Commercial, $724.95 , $-   
9/14/2019,Senegal,Dakar,Western,Public, $109.84 , $2.20 
9/16/2019,Algeria,Algiers,Northern,Residential, $206.71 , $8.27 
9/20/2019,Libya,Tripoli,Northern,Residential, $807.85 , $32.31 
9/20/2019,Malawi,Blantyre,Eastern,Public, $670.13 , $46.91 
9/20/2019,Senegal,Dakar,Western,Commercial, $893.17 , $53.59 
9/22/2019,Madagascar,Antananarivo,Eastern,Commercial, $192.61 , $19.26 
9/25/2019,South Sudan,Juba,Eastern,Public, $945.80 , $-18.92 
9/27/2019,Malawi,Lilongwe,Eastern,Residential, $130.69 , $7.84 
9/28/2019,Niger,Niamey,Western,Residential, $346.72 , $-17.34 
10/2/2019,Egypt,Cairo,Northern,Residential, $485.04 , $-38.80 
10/2/2019,Sudan,Khartoum,Northern,Residential, $493.02 , $-19.72 
10/6/2019,Burundi,Bujumbura,Eastern,Public, $865.69 , $51.94 
10/15/2019,Zambia,Lusaka,Eastern,Public, $12.31 , $-0.37 
10/18/2019,Cote d'Ivoire,Abidjan,Western,Commercial, $896.76 , $8.97 
10/24/2019,Mali,Bamako,Western,Commercial, $572.27 , $-11.45 
10/25/2019,Mauritania,Nouakchott,Western,Residential, $784.94 , $78.49 
10/28/2019,Guinea-Bissau,Bissau,Western,Commercial, $547.68 , $-38.34 
11/1/2019,Democratic Republic of the Congo,Mbuji-Mayi,Middle,Commercial, $430.15 , $-30.11 
11/8/2019,Cote d'Ivoire,Yamoussoukro,Western,Commercial, $749.12 , $-7.49 
11/8/2019,Swaziland,Mbabane,Southern,Residential, $787.30 , $15.75 
11/9/2019,Ethiopia,Addis Ababa,Eastern,Commercial, $743.67 , $29.75 
11/13/2019,Equatorial Guinea,Malabo,Middle,Residential, $800.51 , $32.02 
11/13/2019,Mauritius,Port Louis,Eastern,Public, $15.99 , $-0.80 
11/18/2019,Benin,Porto-Novo,Western,Commercial, $517.70 , $-   
11/18/2019,Botswana,Gaborone,Southern,Residential, $137.27 , $-2.75 
11/19/2019,Mozambique,Maputo,Eastern,Commercial, $937.98 , $-   
11/21/2019,Nigeria,Abuja,Western,Public, $38.30 , $1.15 
11/21/2019,Uganda,Kampala,Eastern,Residential, $6.87 , $0.14 
11/26/2019,Gabon,Libreville,Middle,Public, $771.44 , $77.14 
11/26/2019,Somalia,Mogadishu,Eastern,Commercial, $443.20 , $22.16 
12/1/2019,Central African Republic,Bangui,Middle,Residential, $461.66 , $41.55 
12/1/2019,Chad,N'Djamena,Middle,Public, $163.34 , $-11.43 
12/4/2019,Ghana,Accra,Western,Commercial, $535.35 , $-26.77 
12/8/2019,Algeria,Algiers,Northern,Residential, $377.49 , $26.42 
12/9/2019,Nigeria,Lagos,Western,Public, $423.18 , $-29.62 
12/9/2019,Tunisia,Tunis,Northern,Commercial, $728.79 , $72.88 
12/11/2019,Sudan,Khartoum,Northern,Public, $277.22 , $5.54 
12/13/2019,Guinea,Conakry,Western,Public, $350.47 , $28.04 
12/13/2019,United Republic of Tanzania,Dar es Salaam,Eastern,Commercial, $505.64 , $-20.23 
12/17/2019,Rwanda,Kigali,Eastern,Public, $472.24 , $-37.78 
12/19/2019,Malawi,Blantyre,Eastern,Residential, $692.45 , $6.92 
12/22/2019,Nigeria,Kano,Western,Residential, $550.57 , $5.51 
12/25/2019,Liberia,Monrovia,Western,Residential, $306.96 , $9.21 
12/26/2019,Burkina Faso,Ouagadougou,Western,Commercial, $5.47 , $0.55 
12/26/2019,Congo,Brazzaville,Middle,Commercial, $498.92 , $-4.99 
1/1/2020,Ghana,Accra,Western,Residential, $527.43 , $-   
1/1/2020,Malawi,Lilongwe,Eastern,Public, $162.93 , $-11.41 
1/2/2020,Benin,Porto-Novo,Western,Residential, $186.23 , $14.90 
1/2/2020,Nigeria,Lagos,Western,Residential, $279.55 , $22.36 
1/2/2020,Sao Tome and Principe,Sao Tome,Middle,Residential, $810.60 , $40.53 
1/3/2020,Angola,Luanda,Middle,Residential, $460.06 , $41.41 
1/3/2020,Madagascar,Antananarivo,Eastern,Public, $335.21 , $-10.06 
1/4/2020,Ghana,Kumasi,Western,Commercial, $123.38 , $-6.17 
1/4/2020,Guinea-Bissau,Bissau,Western,Commercial, $153.68 , $12.29 
1/4/2020,Rwanda,Kigali,Eastern,Public, $3.10 , $0.09 
1/4/2020,Zimbabwe,Harare,Eastern,Residential, $449.70 , $-   
1/5/2020,Benin,Cotonou,Western,Commercial, $389.61 , $15.58 
1/5/2020,Democratic Republic of the Congo,Kinshasa,Middle,Residential, $945.06 , $47.25 
1/5/2020,Mali,Bamako,Western,Commercial, $733.89 , $29.36 
1/5/2020,Swaziland,Mbabane,Southern,Commercial, $846.41 , $59.25 
1/6/2020,Gabon,Libreville,Middle,Public, $209.14 , $-8.37 
1/6/2020,Namibia,Windhoek,Southern,Residential, $174.17 , $3.48 
1/7/2020,Cote d'Ivoire,Yamoussoukro,Western,Commercial, $212.73 , $14.89 
1/8/2020,Botswana,Gaborone,Southern,Public, $544.50 , $-27.23 
1/8/2020,Cameroon,Douala,Middle,Public, $708.83 , $49.62 
1/8/2020,Democratic Republic of the Congo,Mbuji-Mayi,Middle,Commercial, $785.97 , $-47.16 
1/8/2020,Lesotho,Maseru,Southern,Commercial, $268.61 , $-   
1/8/2020,Malawi,Blantyre,Eastern,Residential, $292.46 , $14.62 
1/8/2020,Morocco,Rabat,Northern,Public, $898.19 , $-44.91 
1/8/2020,Mozambique,Maputo,Eastern,Residential, $932.67 , $18.65 
1/8/2020,South Africa,Pretoria,Southern,Public, $504.61 , $10.09 
1/10/2020,Chad,N'Djamena,Middle,Public, $456.72 , $18.27 
1/10/2020,South Africa,Cape Town,Southern,Residential, $796.69 , $-47.80 
1/11/2020,Togo,Lome,Western,Public, $992.23 , $-19.84 
1/12/2020,Somalia,Mogadishu,Eastern,Residential, $307.81 , $-6.16 
1/13/2020,Ethiopia,Addis Ababa,Eastern,Public, $335.74 , $16.79 
1/13/2020,Seychelles,Victoria,Eastern,Residential, $460.12 , $-13.80 
1/14/2020,Algeria,Algiers,Northern,Public, $450.44 , $13.51 
1/14/2020,Burundi,Bujumbura,Eastern,Residential, $326.34 , $32.63 
1/14/2020,Central African Republic,Bangui,Middle,Residential, $633.31 , $38.00 
1/14/2020,Guinea,Conakry,Western,Commercial, $547.17 , $16.42 
1/14/2020,Mauritius,Port Louis,Eastern,Commercial, $151.12 , $4.53 
1/15/2020,Cote d'Ivoire,Abidjan,Western,Residential, $919.79 , $91.98 
1/15/2020,Senegal,Dakar,Western,Residential, $300.64 , $6.01 
1/15/2020,Sudan,Khartoum,Northern,Public, $456.37 , $4.56 
1/17/2020,Nigeria,Abuja,Western,Public, $686.80 , $-13.74 
1/17/2020,Nigeria,Ibadan,Western,Public, $631.90 , $-18.96 
1/18/2020,Egypt,Cairo,Northern,Residential, $303.03 , $-18.18 
1/18/2020,Equatorial Guinea,Malabo,Middle,Residential, $398.39 , $-11.95 
1/19/2020,Burkina Faso,Ouagadougou,Western,Public, $231.38 , $-16.20 
1/19/2020,South Africa,Durban,Southern,Residential, $23.96 , $0.96 
1/19/2020,South Sudan,Juba,Eastern,Residential, $64.97 , $1.95 
1/19/2020,Uganda,Kampala,Eastern,Residential, $720.73 , $43.24 
1/20/2020,Niger,Niamey,Western,Commercial, $916.61 , $9.17 
1/22/2020,Sierra Leone,Freetown,Western,Residential, $117.12 , $-1.17 
1/22/2020,South Africa,Johannesburg,Southern,Residential, $446.80 , $13.40 
1/22/2020,Western Sahara,Dakhla,Northern,Commercial, $91.21 , $-1.82 
1/22/2020,Zambia,Lusaka,Eastern,Public, $28.24 , $-0.85 
1/23/2020,Djibouti,Djibouti,Eastern,Public, $584.79 , $35.09 
1/23/2020,Sudan,Khartoum,Northern,Public, $928.39 , $-46.42 
1/24/2020,Liberia,Monrovia,Western,Residential, $947.97 , $-   
1/25/2020,Nigeria,Kano,Western,Residential, $808.77 , $-48.53 
1/26/2020,Libya,Tripoli,Northern,Commercial, $112.07 , $3.36 
1/27/2020,Democratic Republic of the Congo,Lubumbashi,Middle,Commercial, $30.17 , $-1.51 
1/27/2020,Eritrea,Asmara,Eastern,Public, $845.23 , $-50.71 
1/28/2020,Cameroon,Yaoundé,Middle,Commercial, $576.83 , $-17.30 
1/28/2020,Congo,Brazzaville,Middle,Residential, $174.91 , $-7.00 
1/28/2020,Kenya,Nairobi,Eastern,Residential, $78.44 , $-3.92 
1/28/2020,Mauritania,Nouakchott,Western,Residential, $949.73 , $37.99 
1/28/2020,Tunisia,Tunis,Northern,Commercial, $185.90 , $14.87 
1/28/2020,United Republic of Tanzania,Dar es Salaam,Eastern,Residential, $562.51 , $-33.75 
2/1/2020,Somalia,Mogadishu,Eastern,Public, $858.02 , $77.22 
2/2/2020,Nigeria,Abuja,Western,Commercial, $614.99 , $12.30 
2/3/2020,Zimbabwe,Harare,Eastern,Commercial, $401.79 , $-   
2/7/2020,Niger,Niamey,Western,Commercial, $796.88 , $-15.94 
2/9/2020,Nigeria,Ibadan,Western,Residential, $73.57 , $6.62 
2/11/2020,Mali,Bamako,Western,Public, $93.81 , $-2.81 
2/12/2020,Central African Republic,Bangui,Middle,Public, $341.86 , $13.67 
2/12/2020,Kenya,Nairobi,Eastern,Residential, $836.00 , $16.72 
2/12/2020,Malawi,Lilongwe,Eastern,Public, $954.46 , $-19.09 
2/13/2020,Djibouti,Djibouti,Eastern,Public, $740.24 , $-   
2/16/2020,South Sudan,Juba,Eastern,Residential, $374.57 , $22.47 
2/17/2020,Equatorial Guinea,Malabo,Middle,Public, $293.14 , $29.31 
2/19/2020,Cameroon,Yaoundé,Middle,Public, $293.91 , $-5.88 
2/22/2020,Nigeria,Lagos,Western,Commercial, $91.77 , $4.59 
2/22/2020,Uganda,Kampala,Eastern,Residential, $163.23 , $16.32 
2/24/2020,Botswana,Gaborone,Southern,Commercial, $117.65 , $3.53 
2/25/2020,Burkina Faso,Ouagadougou,Western,Public, $941.90 , $-47.10 
2/26/2020,South Africa,Durban,Southern,Residential, $475.90 , $23.80 
2/27/2020,Democratic Republic of the Congo,Lubumbashi,Middle,Commercial, $72.89 , $6.56 
2/27/2020,Sudan,Khartoum,Northern,Commercial, $413.83 , $-33.11 
2/28/2020,Mauritius,Port Louis,Eastern,Public, $859.44 , $68.76 
3/2/2020,Sao Tome and Principe,Sao Tome,Middle,Commercial, $330.17 , $-23.11 
3/3/2020,Sierra Leone,Freetown,Western,Public, $400.61 , $-20.03 
3/7/2020,Senegal,Dakar,Western,Commercial, $134.83 , $6.74 
3/8/2020,Swaziland,Mbabane,Southern,Commercial, $322.28 , $-9.67 
3/10/2020,Lesotho,Maseru,Southern,Public, $318.66 , $25.49 
3/11/2020,Madagascar,Antananarivo,Eastern,Residential, $309.23 , $30.92 
3/12/2020,Cote d'Ivoire,Yamoussoukro,Western,Commercial, $385.31 , $3.85 
3/12/2020,Zambia,Lusaka,Eastern,Commercial, $748.72 , $7.49 
3/13/2020,Ghana,Accra,Western,Public, $400.33 , $28.02 
3/24/2020,Ethiopia,Addis Ababa,Eastern,Residential, $302.99 , $9.09 
3/25/2020,Liberia,Monrovia,Western,Residential, $242.50 , $24.25 
3/25/2020,Mozambique,Maputo,Eastern,Commercial, $806.47 , $80.65 
3/25/2020,South Africa,Johannesburg,Southern,Residential, $55.47 , $3.33 
3/27/2020,Guinea-Bissau,Bissau,Western,Commercial, $623.03 , $-6.23 
4/4/2020,Cameroon,Douala,Middle,Commercial, $400.94 , $20.05 
4/14/2020,Congo,Brazzaville,Middle,Public, $340.78 , $-13.63 
4/19/2020,Cote d'Ivoire,Abidjan,Western,Residential, $86.84 , $-5.21 
4/23/2020,Nigeria,Kano,Western,Residential, $784.31 , $54.90 
4/24/2020,South Africa,Pretoria,Southern,Commercial, $193.96 , $-7.76 
4/26/2020,Seychelles,Victoria,Eastern,Public, $133.74 , $12.04 
4/27/2020,United Republic of Tanzania,Dar es Salaam,Eastern,Residential, $471.51 , $37.72 
5/1/2020,Burundi,Bujumbura,Eastern,Public, $553.66 , $-16.61 
5/3/2020,Sierra Leone,Freetown,Western,Public, $465.79 , $4.66 
5/4/2020,Cameroon,Douala,Middle,Commercial, $764.03 , $7.64 
5/4/2020,Lesotho,Maseru,Southern,Commercial, $930.77 , $46.54 
5/7/2020,Libya,Tripoli,Northern,Residential, $171.11 , $6.84 
5/7/2020,Niger,Niamey,Western,Residential, $945.62 , $-   
5/8/2020,Equatorial Guinea,Malabo,Middle,Commercial, $481.01 , $-9.62 
5/10/2020,Togo,Lome,Western,Public, $128.80 , $2.58 
5/11/2020,Democratic Republic of the Congo,Mbuji-Mayi,Middle,Residential, $964.65 , $-67.53 
5/14/2020,Guinea,Conakry,Western,Commercial, $416.71 , $-12.50 
5/14/2020,South Africa,Cape Town,Southern,Commercial, $396.32 , $-11.89 
5/15/2020,Benin,Cotonou,Western,Residential, $583.79 , $11.68 
5/15/2020,Ghana,Kumasi,Western,Public, $817.72 , $8.18 
5/15/2020,Mauritania,Nouakchott,Western,Commercial, $650.78 , $65.08 
5/16/2020,Algeria,Algiers,Northern,Residential, $876.49 , $-26.29 
5/18/2020,Togo,Lome,Western,Residential, $440.08 , $-17.60 
5/19/2020,Egypt,Cairo,Northern,Public, $399.70 , $23.98 
5/19/2020,Malawi,Blantyre,Eastern,Commercial, $316.12 , $-6.32 
5/24/2020,Western Sahara,Dakhla,Northern,Residential, $158.62 , $7.93 
5/25/2020,Democratic Republic of the Congo,Lubumbashi,Middle,Public, $42.90 , $3.00 
5/26/2020,Guinea,Conakry,Western,Public, $404.93 , $-12.15 
5/26/2020,Sao Tome and Principe,Sao Tome,Middle,Public, $681.82 , $27.27 
5/27/2020,Egypt,Cairo,Northern,Public, $110.53 , $-6.63 
5/27/2020,Namibia,Windhoek,Southern,Commercial, $978.37 , $39.13 
5/27/2020,South Africa,Johannesburg,Southern,Public, $243.11 , $-   
5/27/2020,Sudan,Khartoum,Northern,Residential, $816.28 , $40.81 
5/28/2020,Nigeria,Kano,Western,Residential, $872.24 , $-   
6/1/2020,Eritrea,Asmara,Eastern,Commercial, $891.31 , $26.74 
6/1/2020,Morocco,Rabat,Northern,Public, $219.21 , $-17.54 
6/2/2020,Tunisia,Tunis,Northern,Residential, $195.28 , $3.91 
6/2/2020,Tunisia,Tunis,Northern,Commercial, $808.10 , $-16.16 
6/8/2020,Kenya,Nairobi,Eastern,Public, $613.64 , $-30.68 
6/9/2020,Zimbabwe,Harare,Eastern,Public, $179.71 , $8.99 
6/13/2020,Chad,N'Djamena,Middle,Residential, $400.93 , $36.08 
6/14/2020,Mauritania,Nouakchott,Western,Commercial, $783.76 , $54.86 
6/14/2020,Swaziland,Mbabane,Southern,Residential, $196.19 , $-15.70 
6/15/2020,Rwanda,Kigali,Eastern,Public, $586.73 , $41.07 
6/16/2020,Benin,Porto-Novo,Western,Public, $934.94 , $-74.80 
6/16/2020,Democratic Republic of the Congo,Mbuji-Mayi,Middle,Commercial, $973.37 , $9.73 
6/17/2020,Burundi,Bujumbura,Eastern,Public, $491.07 , $-4.91 
6/17/2020,Gabon,Libreville,Middle,Residential, $963.17 , $-77.05 
6/17/2020,Morocco,Rabat,Northern,Public, $135.96 , $2.72 
6/21/2020,Angola,Luanda,Middle,Public, $398.18 , $-19.91 
6/23/2020,Democratic Republic of the Congo,Kinshasa,Middle,Commercial, $305.95 , $12.24 
6/24/2020,Benin,Porto-Novo,Western,Commercial, $913.53 , $-18.27 
6/24/2020,Guinea-Bissau,Bissau,Western,Residential, $53.89 , $4.31 
6/28/2020,Gabon,Libreville,Middle,Commercial, $299.72 , $-23.98 
7/2/2020,Somalia,Mogadishu,Eastern,Commercial, $262.21 , $26.22 
7/4/2020,Ghana,Accra,Western,Commercial, $614.39 , $12.29 
7/6/2020,Djibouti,Djibouti,Eastern,Commercial, $38.26 , $-0.77 
7/9/2020,Madagascar,Antananarivo,Eastern,Commercial, $600.21 , $-6.00 
7/11/2020,Benin,Cotonou,Western,Residential, $199.99 , $-2.00 
7/13/2020,Cote d'Ivoire,Yamoussoukro,Western,Public, $773.74 , $-38.69 
7/14/2020,Algeria,Algiers,Northern,Public, $245.20 , $-4.90 
7/14/2020,Democratic Republic of the Congo,Kinshasa,Middle,Commercial, $787.35 , $-   
7/14/2020,Nigeria,Lagos,Western,Public, $171.36 , $-   
7/15/2020,South Africa,Pretoria,Southern,Public, $826.64 , $82.66 
7/17/2020,Ghana,Kumasi,Western,Residential, $188.56 , $3.77 
7/18/2020,Mauritius,Port Louis,Eastern,Commercial, $361.28 , $3.61 
7/18/2020,South Sudan,Juba,Eastern,Public, $760.52 , $-38.03 
7/24/2020,Sudan,Khartoum,Northern,Public, $201.34 , $2.01 
7/25/2020,Cote d'Ivoire,Abidjan,Western,Public, $277.27 , $24.95 
8/1/2020,Cameroon,Douala,Middle,Commercial, $759.59 , $68.36 
8/7/2020,Botswana,Gaborone,Southern,Residential, $731.77 , $-58.54 
8/7/2020,Western Sahara,Dakhla,Northern,Public, $561.07 , $28.05 
8/7/2020,Zambia,Lusaka,Eastern,Public, $55.79 , $-2.23 
8/9/2020,Cote d'Ivoire,Yamoussoukro,Western,Residential, $678.51 , $-27.14 
8/9/2020,Equatorial Guinea,Malabo,Middle,Commercial, $289.07 , $-20.23 
8/11/2020,Botswana,Gaborone,Southern,Commercial, $423.13 , $33.85 
8/11/2020,Rwanda,Kigali,Eastern,Commercial, $895.24 , $-71.62 
8/11/2020,Uganda,Kampala,Eastern,Residential, $918.70 , $9.19 
8/12/2020,Sudan,Khartoum,Northern,Public, $568.71 , $28.44 
8/15/2020,Liberia,Monrovia,Western,Commercial, $239.28 , $-4.79 
8/15/2020,Niger,Niamey,Western,Public, $812.17 , $-64.97 
8/15/2020,Nigeria,Ibadan,Western,Public, $583.45 , $23.34 
8/17/2020,Benin,Cotonou,Western,Residential, $457.95 , $-36.64 
8/19/2020,Congo,Brazzaville,Middle,Residential, $987.23 , $-9.87 
8/20/2020,Lesotho,Maseru,Southern,Residential, $526.93 , $-26.35 
8/22/2020,Central African Republic,Bangui,Middle,Residential, $386.36 , $-30.91 
8/22/2020,Mozambique,Maputo,Eastern,Public, $562.83 , $5.63 
8/23/2020,Malawi,Blantyre,Eastern,Commercial, $524.58 , $10.49 
8/23/2020,Nigeria,Ibadan,Western,Commercial, $634.54 , $25.38 
8/24/2020,Eritrea,Asmara,Eastern,Commercial, $856.67 , $-59.97 
8/25/2020,Mauritania,Nouakchott,Western,Public, $871.54 , $-17.43 
9/1/2020,South Africa,Durban,Southern,Public, $892.70 , $17.85 
9/2/2020,Nigeria,Kano,Western,Commercial, $992.34 , $29.77 
9/4/2020,United Republic of Tanzania,Dar es Salaam,Eastern,Residential, $202.36 , $-6.07 
9/5/2020,Burkina Faso,Ouagadougou,Western,Commercial, $524.68 , $-26.23 
9/5/2020,Ethiopia,Addis Ababa,Eastern,Commercial, $872.97 , $-   
9/5/2020,Namibia,Windhoek,Southern,Residential, $547.71 , $-38.34 
9/6/2020,South Africa,Cape Town,Southern,Commercial, $710.53 , $-14.21 
9/9/2020,Cote d'Ivoire,Abidjan,Western,Residential, $950.34 , $57.02 
9/9/2020,Mali,Bamako,Western,Residential, $21.08 , $-1.26 
9/10/2020,Angola,Luanda,Middle,Residential, $366.34 , $-   
9/10/2020,Democratic Republic of the Congo,Kinshasa,Middle,Residential, $164.79 , $-   
9/10/2020,Malawi,Lilongwe,Eastern,Residential, $459.39 , $18.38 
9/10/2020,Senegal,Dakar,Western,Commercial, $332.63 , $13.31 
9/12/2020,Rwanda,Kigali,Eastern,Public, $428.17 , $17.13 
9/13/2020,Chad,N'Djamena,Middle,Commercial, $0.89 , $0.03 
9/16/2020,Libya,Tripoli,Northern,Residential, $344.48 , $10.33 
9/18/2020,Western Sahara,Dakhla,Northern,Residential, $309.78 , $9.29 
9/19/2020,Democratic Republic of the Congo,Lubumbashi,Middle,Residential, $877.54 , $78.98 
9/20/2020,Ghana,Accra,Western,Residential, $729.41 , $43.76 
9/20/2020,Senegal,Dakar,Western,Commercial, $139.10 , $9.74 
9/21/2020,Burkina Faso,Ouagadougou,Western,Residential, $117.52 , $8.23 
9/21/2020,South Africa,Durban,Southern,Public, $139.31 , $13.93 
9/22/2020,Cameroon,Yaoundé,Middle,Residential, $537.87 , $26.89 
9/22/2020,Nigeria,Abuja,Western,Residential, $137.79 , $12.40 
9/22/2020,Seychelles,Victoria,Eastern,Commercial, $334.36 , $33.44 
9/22/2020,Sudan,Khartoum,Northern,Commercial, $626.58 , $12.53 
9/26/2020,Chad,N'Djamena,Middle,Residential, $44.50 , $3.12 
9/27/2020,Mali,Bamako,Western,Commercial, $598.55 , $5.99 
9/28/2020,Gabon,Libreville,Middle,Public, $157.86 , $-7.89 
9/28/2020,Guinea,Conakry,Western,Public, $255.31 , $-12.77 
10/1/2020,Mauritius,Port Louis,Eastern,Commercial, $148.56 , $10.40 
10/1/2020,Sierra Leone,Freetown,Western,Public, $427.16 , $-   
10/7/2020,Nigeria,Abuja,Western,Public, $705.15 , $49.36 
10/8/2020,Burundi,Bujumbura,Eastern,Commercial, $181.34 , $-12.69 
10/8/2020,Zambia,Lusaka,Eastern,Commercial, $791.05 , $-47.46 
10/11/2020,Algeria,Algiers,Northern,Residential, $651.66 , $-32.58 
10/11/2020,Somalia,Mogadishu,Eastern,Commercial, $116.04 , $11.60 
10/13/2020,South Africa,Cape Town,Southern,Commercial, $993.94 , $-49.70 
10/13/2020,Togo,Lome,Western,Public, $346.36 , $-24.25 
10/14/2020,Eritrea,Asmara,Eastern,Residential, $310.64 , $3.11 
10/17/2020,Mozambique,Maputo,Eastern,Public, $159.81 , $-11.19 
10/19/2020,Central African Republic,Bangui,Middle,Residential, $687.01 , $-13.74 
10/19/2020,Swaziland,Mbabane,Southern,Residential, $801.25 , $-40.06 
10/27/2020,Tunisia,Tunis,Northern,Residential, $665.22 , $33.26 
10/28/2020,Sao Tome and Principe,Sao Tome,Middle,Residential, $120.74 , $3.62 
10/28/2020,South Sudan,Juba,Eastern,Public, $579.24 , $40.55 
11/7/2020,South Africa,Pretoria,Southern,Commercial, $421.23 , $4.21 
11/14/2020,Nigeria,Lagos,Western,Residential, $119.23 , $-8.35 
11/16/2020,Egypt,Cairo,Northern,Commercial, $506.78 , $-10.14 
11/18/2020,Malawi,Lilongwe,Eastern,Residential, $695.82 , $62.62 
11/19/2020,Libya,Tripoli,Northern,Commercial, $106.59 , $-6.40 
11/20/2020,Angola,Luanda,Middle,Commercial, $878.19 , $61.47 
11/20/2020,Ethiopia,Addis Ababa,Eastern,Commercial, $649.92 , $-6.50 
11/21/2020,Seychelles,Victoria,Eastern,Commercial, $20.98 , $0.21 
11/22/2020,South Africa,Johannesburg,Southern,Commercial, $850.02 , $-51.00 
11/28/2020,Djibouti,Djibouti,Eastern,Commercial, $338.99 , $-6.78 
12/3/2020,Benin,Porto-Novo,Western,Residential, $830.33 , $-8.30 
12/4/2020,Cameroon,Yaoundé,Middle,Public, $403.75 , $-12.11 
12/4/2020,Sudan,Khartoum,Northern,Public, $679.30 , $47.55 
12/4/2020,Uganda,Kampala,Eastern,Public, $680.17 , $68.02 
12/5/2020,Morocco,Rabat,Northern,Commercial, $184.49 , $-7.38 
12/7/2020,Democratic Republic of the Congo,Mbuji-Mayi,Middle,Public, $481.62 , $14.45 
12/7/2020,Namibia,Windhoek,Southern,Public, $951.26 , $95.13 
12/8/2020,Congo,Brazzaville,Middle,Commercial, $535.14 , $-26.76 
12/11/2020,Guinea-Bissau,Bissau,Western,Commercial, $428.02 , $38.52 
12/11/2020,Madagascar,Antananarivo,Eastern,Residential, $32.73 , $-0.65 
12/16/2020,Ghana,Kumasi,Western,Public, $432.32 , $17.29 
12/20/2020,Zimbabwe,Harare,Eastern,Residential, $394.28 , $-23.66 
12/21/2020,Malawi,Blantyre,Eastern,Residential, $333.07 , $-16.65 
12/22/2020,Liberia,Monrovia,Western,Residential, $133.26 , $-8.00 
12/28/2020,Kenya,Nairobi,Eastern,Public, $737.57 , $36.88 
12/28/2020,United Republic of Tanzania,Dar es Salaam,Eastern,Residential, $859.82 , $-60.19 
